world_episode,avg_score,goal_count,collision_count,colreg_compliance_rate,n_agents,critic_loss,actor_loss,alpha
1,-14.577109629975325,1,1,,3,,,
2,-18.37998959469007,0,3,0.5,3,,,
3,-25.734699319105513,0,2,,3,,,
4,-27.159359398656566,0,2,0.4,3,,,
5,-33.142078390660586,0,3,0.5,3,3.4678521275830767,0.28129029405924183,0.19849894971897206
6,-24.1949649354909,0,2,0.16666666666666666,3,4.2223693645745515,0.27966891260817645,0.19111742973327636
7,-36.589969221071904,0,2,,3,3.2708718274906277,0.40084242813289167,0.17994261763989924
8,-29.423361569069908,0,3,0.1,3,2.4662116213816487,0.5347889106567592,0.1727616303179362
9,-20.549628389591074,0,2,0.3333333333333333,3,2.6317562597990034,0.6754823867976666,0.166007569283247
10,-4.086865754835149,1,2,0.21153846153846154,3,2.4808736529789472,0.8138006117783094,0.16035979633268557
11,-20.543315486523642,1,1,0.5476190476190477,3,2.342552726864815,0.8483856603503227,0.1551343297958374
12,-16.859912087625435,0,3,0.3333333333333333,3,2.26006999261239,0.9216748440966887,0.150213203885976
13,-17.30398894484081,0,3,0.125,3,2.3027962712865127,1.0156262736571462,0.1491167349250693
14,22.842390053177038,3,0,0.4166666666666667,3,2.602853966476042,0.9183548892600627,0.14711485935162893
15,-29.89063798667407,0,2,0.4074074074074074,3,2.590671931952238,0.9919279041141271,0.1416503205150366
16,-23.469392229037453,0,3,0.0,3,2.5996699009804014,1.1013044911496184,0.13613449401677924
17,-37.10021875098205,0,3,0.3,3,2.4738831583530674,1.134583649519951,0.1317303378735819
18,-4.406104850430263,1,2,0.4444444444444444,3,1.4260024544265535,1.3295733663770888,0.12874580091900295
19,-3.138223730362848,1,2,0.0,3,2.4095939525149084,1.2479272885756059,0.12753278125416148
20,-28.099920963807847,0,3,0.17857142857142858,3,2.7550004662598595,1.260923488160311,0.1247073932850765
21,-33.586376384374034,0,2,0.15,3,2.5316201108694076,1.3708971062302588,0.11970208149403333
22,-2.5969246491280145,1,2,0.375,3,2.3171802431344988,1.4518042345841726,0.11578521877527237
23,-17.394891764204104,0,3,0.5,3,1.49761439930825,1.3153123259544373,0.11462098431019556
24,-20.98572747523999,0,3,0.375,3,2.0545838433730452,1.487930090744284,0.1131834428333029
25,0.6526288706782957,2,0,0.2857142857142857,3,2.226460119634867,1.4774693557620049,0.10934606786817312
26,-18.165514304002368,0,3,0.625,3,1.9345986888958857,1.4439856432951415,0.10637140904481594
27,-3.1452615048386026,1,2,0.25,3,2.019192801037831,1.5706924111095828,0.10521000790507046
28,-3.834157081939043,1,2,0.5,3,1.8663112980288428,1.4999161016296696,0.10346444394137408
29,-6.289616384367136,1,2,0.25,3,2.0176808812788556,1.595833678330694,0.10120359628594347
30,-4.175647068045147,1,2,0.3333333333333333,3,1.9847448282382067,1.6269520633360919,0.09886435954009785
31,-17.52739965323848,0,3,0.5,3,2.3112041017283564,1.490314781665802,0.09764660376569499
32,9.701392797927868,2,1,0.4,3,2.09684553567101,1.5675324631087921,0.09663687657345743
33,-4.772457485813876,1,2,0.0,3,2.1491997262887788,1.5931934536549084,0.09524914138672645
34,-9.768161378342745,1,2,0.4,3,2.2166928499937057,1.7078285434029319,0.09369123837148602
35,5.629840550741623,2,0,0.17647058823529413,3,2.059003146737814,1.806652959883213,0.09077488999813794
36,5.830438717440161,2,0,,3,2.054762088954449,1.8090900453925132,0.08704929623752833
37,7.6835220623414004,2,0,,3,1.8768319225311278,1.8225493890047073,0.08354108083993196
38,-1.795926943193954,1,2,0.5,3,1.6885228651325876,1.972521433016149,0.08155335813033872
39,11.207978860762902,2,0,,3,1.9080241477489472,1.7888368909060954,0.07973261091858148
40,11.424290300683504,2,0,,3,1.9088746160268784,1.6889573135972022,0.07692716535180807
41,11.33973258406162,2,0,,3,1.7568948531150819,1.4737957394123078,0.07451310463249683
42,10.965489055180917,2,0,,3,1.5862695682048797,1.37951663069427,0.07239639833569526
43,11.607794141536147,2,0,,3,1.595566383600235,1.2467522650212048,0.07043643448501825
44,-3.3283385233803897,1,1,,3,1.7650549322366715,1.0322564563527703,0.06872638139873744
45,26.44983494416134,3,0,,3,1.7064682040728776,0.941904572003028,0.06751651207313818
46,-2.0196085971665347,1,2,0.5,3,1.783268318456762,0.6396750737639034,0.0669610712896375
47,28.182134752480007,3,0,,3,1.6951622149300953,0.6033437798420588,0.06658570149115153
48,24.745598965659905,3,0,0.17647058823529413,3,1.8267470963299275,0.41014763414859773,0.06606142120435834
49,12.04471230200035,2,1,0.125,3,2.140128325908742,0.23488491202922576,0.06559250503778458
50,-16.808075164704913,0,3,0.3333333333333333,3,1.888226712291891,-0.031243090602484615,0.06535725498741324
51,-16.342992014818886,0,3,0.25,3,1.7147641425782985,-0.09610032154755159,0.06523286720568483
52,11.205695507949182,2,1,0.16666666666666666,3,2.1389458171419196,-0.130490276056367,0.06493012566824218
53,-2.287555904886584,1,2,0.25,3,2.427407294511795,-0.3123522569589755,0.06459451992722119
54,-16.659176580264052,0,3,0.3333333333333333,3,1.5531856832296953,-0.3929695312095725,0.06439717275940854
55,-16.49110601712515,0,3,0.3333333333333333,3,2.284866511821747,-0.44910894706845284,0.06423243569831054
56,9.745360791605714,2,1,0.1875,3,1.9880508993743757,-0.6085629311108262,0.06375811980404986
57,26.029295670424123,3,0,0.08333333333333333,3,2.280656631578479,-1.0853683840025936,0.06296668430430848
58,26.814461085458888,3,0,0.125,3,2.0833943232576897,-1.5148685403326725,0.062270427479388865
59,26.649608186841913,3,0,0.25,3,2.4961972465881934,-1.7679612576388395,0.06149801995175389
60,25.640941677098443,3,0,0.1,3,2.4814271321592405,-2.0844094823728234,0.06074213796807814
61,25.818943406829728,3,0,0.16666666666666666,3,2.423693890858414,-2.295209276384877,0.05993954702875668
62,26.35843980084122,3,0,0.0,3,2.5398777069397345,-2.788208891465826,0.059311275813475395
63,26.37060813723335,3,0,0.0,3,2.513502961024642,-3.1317651395996413,0.058786332180413105
64,27.165133054025734,3,0,0.0,3,2.547600068648656,-3.594157022237778,0.05834524184465408
65,26.927200359686196,3,0,0.16666666666666666,3,2.3757432863332224,-3.6683988813040913,0.05805678940985514
66,27.16309433272836,3,0,0.2,3,2.3992338936093827,-4.1699686856337,0.057873979368260206
67,27.33980132853228,3,0,0.0,3,2.7393569225146446,-4.319765723781821,0.05764938389629493
68,27.238905506630392,3,0,0.25,3,3.0526986446069633,-4.6226092680640845,0.057337789674815925
69,27.367757360584836,3,0,,3,2.8276667251425276,-4.828100289328623,0.05697929682367939
70,27.4369820064795,3,0,0.0,3,2.4877488429729757,-4.932796006019299,0.05671385088219093
71,27.420545111435246,3,0,,3,3.384285662390969,-5.278523683547974,0.0564985724335367
72,27.560595391105938,3,0,,3,3.244624792287747,-5.524735326568286,0.056234374176710844
73,27.77510617542053,3,0,,3,3.0266643451607744,-5.941535244817319,0.05606638219045556
74,27.234964831024836,3,0,0.0,3,3.180203851531534,-5.955998981700224,0.055784381706925
75,27.64268728386214,3,0,,3,2.8947675408057445,-5.899927427183907,0.05547605609556414
76,27.461723361058763,3,0,,3,2.8001696917475485,-6.067413398197719,0.05517117709529643
77,27.677845213142707,3,0,,3,2.5423446578138016,-6.371506578782025,0.05493849464783482
78,27.631155437876952,3,0,,3,2.98268567702987,-6.400982975959778,0.054646418345245446
79,27.080878164869528,3,0,,3,2.617385292262362,-6.524512801254005,0.054325906265723076
80,27.25260521330115,3,0,,3,2.542896203123606,-6.822715878486633,0.053945836826012686
81,27.382115344823205,3,0,,3,2.5200437928239503,-6.980743318796158,0.053622016993661724
82,27.585114270593735,3,0,,3,2.23651287221072,-7.433266965966475,0.05317913662446173
83,27.549549806613445,3,0,,3,2.7893410931740488,-7.670529731682369,0.05266552385208862
84,27.178124043097498,3,0,,3,2.317431303587827,-7.812492665377531,0.05194765261628411
85,27.805096612013,3,0,,3,2.2789116295016543,-7.963459783670854,0.051398891043298096
86,27.098547828212887,3,0,,3,2.5269560862760074,-8.098688618081514,0.05078668764135877
87,27.81313825742279,3,0,,3,2.814749540023084,-8.441297432161727,0.050094670774239416
88,28.09864588817935,3,0,,3,2.175183854997158,-8.843270043532053,0.04954067260647813
89,27.22566051202844,3,0,,3,2.2232063608626795,-8.817692913421213,0.049124706638594196
90,26.635782909069803,3,0,0.2857142857142857,3,2.178654008273837,-9.28031032900267,0.04861123388326621
91,27.41560688667792,3,0,0.5,3,1.986276571949323,-9.340277473131815,0.04810876188178857
92,26.91789885182342,3,0,0.16666666666666666,3,1.9331296543552452,-9.551364983597846,0.04759193655766853
93,26.986501009114317,3,0,0.3333333333333333,3,1.8989668333685243,-9.816386582015397,0.04694342709981002
94,24.207599753497988,3,0,0.24242424242424243,3,1.804967035849889,-10.068655042937309,0.04638444005765698
95,26.949820878055476,3,0,0.16666666666666666,3,1.8934605086550993,-10.70690143809599,0.04589093870976392
96,26.669233821964752,3,0,0.0,3,2.231500809639692,-10.787695264816284,0.04531657076440752
97,26.039695599543922,3,0,0.125,3,1.7117832439641159,-10.779994795719782,0.04446405463386327
98,26.243504323145597,3,0,0.2,3,1.6975424929362972,-11.095361314168791,0.04346668247769519
99,26.33148383307265,3,0,,3,1.822379078377377,-11.183654947714372,0.04247674845497717
100,25.298194924906934,3,0,,3,1.6226865319829238,-11.909013313159608,0.04139617232507781
101,25.3481584064621,3,0,,3,1.8078926632074805,-12.27919552965862,0.040272401933505286
102,25.368263787395012,3,0,,3,1.5362152135049976,-12.67013471620577,0.039265351487441105
103,25.996667770789667,3,0,,3,1.5757688270820367,-13.118320360288514,0.03835400701551647
104,24.08443611978352,3,0,,3,1.4828138102030923,-13.818724246735268,0.03729628031769543
105,26.345857912825647,3,0,,3,1.6249047899947446,-14.01769926407758,0.03634409637135618
106,26.626977191918712,3,0,,3,1.6824404789160377,-14.646590232849121,0.0358270966026881
107,26.62004314069279,3,0,,3,1.6294617938143867,-14.866528333936419,0.035435186379722185
108,26.917617990379878,3,0,,3,1.7893402470696358,-15.411939574826148,0.03495480222327094
109,13.234940645971212,2,1,,3,1.1814384496941859,-15.826489020367058,0.03452850536120181
110,26.558642389290934,3,0,,3,1.308834215572902,-15.861640753064837,0.03417773214834077
111,26.857882991577313,3,0,,3,1.6369024095898967,-16.12614675295555,0.03403508063342612
112,27.302262219294235,3,0,,3,1.1197516751289367,-16.593916282653808,0.03394178032875061
113,26.63219698565211,3,0,,3,1.4473954101403554,-17.051873890558877,0.03372212679435809
114,25.179253324711595,3,0,,3,1.698820326063368,-17.126646073659263,0.0334887255811029
115,27.225966652319954,3,0,,3,1.3872156517302736,-17.50522609467202,0.03330709127352593
116,27.14837564199182,3,0,,3,1.1297739346822102,-17.74042817658069,0.03305067056242157
117,27.304279718501487,3,0,0.5,3,1.7051909511186638,-17.961235824896363,0.032839578405326725
118,27.66523048457374,3,0,,3,1.5319363294645798,-17.998249142668968,0.03257803610244463
119,27.507103440045523,3,0,1.0,3,1.5787932965490552,-18.317924965752496,0.032303632961379156
120,27.40317652119404,3,0,,3,1.2483188858691683,-18.42682862789073,0.0321379044747099
121,28.05961879565747,3,0,,3,1.317150092124939,-18.573289998372395,0.03192525812321239
122,13.203586730066041,2,1,,3,2.055016677379608,-18.61457805633545,0.03163770280778408
123,27.903986271105037,3,0,,3,1.3035530837682576,-18.74466925400954,0.03135219182914648
124,27.73798339549894,3,0,,3,1.3430605339152473,-18.855246135166713,0.030969733239284584
125,27.947696088261427,3,0,,3,1.8103031367063522,-18.89250100742687,0.030686256306415253
126,12.956644252777535,2,1,,3,1.798626315944335,-18.8700278413062,0.03035156987607479
127,27.943108227173585,3,0,,3,1.5875808486812992,-19.012434206510846,0.030090767596113056
128,28.109122440145644,3,0,,3,1.3417102418839932,-19.082839918136596,0.029837260115891696
129,28.13247757585555,3,0,,3,0.9399369921949174,-19.273816214667427,0.029620217625051737
130,27.89533041004425,3,0,,3,0.9579601685206095,-19.380144210088822,0.029373402751627423
131,28.043636201595707,3,0,,3,1.3704324132058678,-19.377094873567906,0.02911750218126832
132,27.981862039697756,3,0,,3,0.8268235565685644,-19.506160084794207,0.028824536584135963
133,28.216432786142008,3,0,,3,1.3694240672466083,-19.59292954664964,0.028537356652892552
134,28.03425913189426,3,0,,3,0.644367647970595,-19.709665438024007,0.028264178917175385
135,28.186983741085736,3,0,,3,0.7149195373058319,-19.926683083558693,0.028035129921940658
136,28.198903233932516,3,0,0.5,3,0.33846163418557906,-19.941476662953693,0.02777395112853911
137,28.1507024333836,3,0,,3,0.5442124824970961,-19.857206344604492,0.027546044299378993
138,28.108364940045092,3,0,,3,0.6772896501989591,-19.907062121800013,0.027333103297721772
139,28.192802071263184,3,0,0.0,3,0.5693069814759142,-19.962235001956714,0.027220063952400404
140,12.672505844196445,2,1,,3,0.9517621994018555,-20.058787027994793,0.027169495883087317
141,12.695274220891969,2,1,,3,1.2889978244900704,-20.177125803629558,0.027191757721205554
142,12.703640589259427,2,1,,3,0.5136306271888316,-20.142956793308258,0.0272266220417805
143,26.98272428472454,3,0,0.5,3,0.9518903578395275,-20.23877787234178,0.02710127255031422
144,27.795247993363045,3,0,0.0,3,1.0712338735659916,-20.34070861339569,0.026927753817290068
145,28.2074411913963,3,0,,3,1.116559963959914,-20.35114014454377,0.026776929791921224
146,28.326923845281744,3,0,,3,0.9646156281232834,-20.416367750901443,0.0267618491481512
147,28.310157711855453,3,0,,3,1.1062898733898212,-20.503872670625384,0.026672703655142533
148,28.190767673572722,3,0,,3,0.7855390310287476,-20.494728565216064,0.026585027994588017
149,28.43228486178532,3,0,,3,0.9242713728121349,-20.558219037737164,0.026581365881221636
150,28.270293969159436,3,0,,3,0.7892926343849727,-20.582929611206055,0.026502857995884758
151,28.33090020246887,3,0,,3,1.6969283490496523,-20.566631878123562,0.026455374598941383
152,28.308213661551758,3,0,0.0,3,0.9019264686438773,-20.659183184305828,0.02641611122008827
153,28.243920493548032,3,0,,3,0.7660045666354043,-20.653369631086075,0.026381352756704602
154,28.340683468599384,3,0,,3,1.7400017271976214,-20.56198486121925,0.026293118257780333
155,28.257874419549285,3,0,0.5,3,1.1471634039448366,-20.82277864880032,0.026220642858081393
156,28.138758526637968,3,0,,3,0.48340110796870606,-20.754663236213453,0.02611525785742384
157,28.204813317730316,3,0,,3,0.5219293287955225,-20.793343663215637,0.026034022157546133
158,28.40673881067774,3,0,,3,1.275217693863493,-20.768888068921637,0.025959764071034664
159,28.227863773798163,3,0,,3,0.9625941221084859,-20.771824412875706,0.025867999013927247
160,28.3855521339058,3,0,,3,1.1544995895203423,-20.91871160619399,0.025806288782726314
161,28.14014747394471,3,0,0.5,3,0.5567719846963882,-20.916679445902506,0.02578044726202885
162,28.34634083766726,3,0,0.0,3,0.48854348785949475,-20.976206114797883,0.025717556476593018
163,28.196326536030227,3,0,,3,1.0324402414262295,-21.001489579677582,0.025626228074543178
164,28.331839258078684,3,0,,3,0.6136934315164884,-20.916835021972656,0.02551577687263489
165,28.27630429873172,3,0,,3,1.256675047259177,-20.932910611552575,0.025455492819028515
166,28.356159488144453,3,0,0.5,3,0.8411907012263934,-21.09265556335449,0.025370632484555244
167,28.312695338877635,3,0,1.0,3,0.5313542606309056,-20.999422013759613,0.025345589208882302
168,28.231510264083013,3,0,0.0,3,0.27730821638271724,-21.072139739990234,0.025317592995947803
169,28.237996896338146,3,0,0.75,3,0.2875342140905559,-21.056455075740814,0.025224313721992075
170,27.877487772125402,3,0,0.2,3,1.0673666950315237,-21.0540754199028,0.025119687197729945
171,28.105132376560196,3,0,,3,1.212616135366261,-21.115816235542297,0.025088641152251512
172,28.40241330163623,3,0,0.25,3,2.0665463331070812,-21.006322167136453,0.024903416802937336
173,28.24543952656805,3,0,0.5,3,0.901045591119797,-21.113897385135775,0.024830750760532195
174,28.238034998650324,3,0,0.0,3,1.2017968931505758,-21.101203856929654,0.02475254393873676
175,28.24229769902871,3,0,0.5,3,0.847247310479482,-21.043461545308432,0.024667545780539514
176,28.24546325110408,3,0,0.3333333333333333,3,1.179278492476001,-21.029393687392727,0.02464887917493329
177,28.299404304214203,3,0,0.0,3,0.5404561698436737,-21.22116584777832,0.024642482958734037
178,28.036157284678612,3,0,0.5,3,1.3665780334761648,-21.02823361483487,0.024676828616947838
179,28.41442750202654,3,0,1.0,3,0.5853621685697187,-21.152028914420836,0.024628038307832133
180,28.333133394407565,3,0,0.5,3,0.5218099977288927,-21.22799208504813,0.024609077349305154
181,28.289331472627968,3,0,,3,1.1347850412130356,-21.176620292663575,0.024605075642466546
182,28.34694713697313,3,0,0.5,3,0.6068246631008206,-21.148268844142105,0.024554474053509308
183,28.243087223217866,3,0,0.75,3,1.4152963557120026,-21.202347656776166,0.024499299197361386
184,28.46574195471921,3,0,0.3333333333333333,3,0.8339373658100764,-21.280077489217124,0.02453582330296437
185,28.170162151327947,3,0,0.4,3,0.8858556752403577,-21.219427744547527,0.02455650127182404
186,28.31480737967617,3,0,0.16666666666666666,3,1.3135166582134035,-21.192859596676296,0.02439871487311191
187,28.22386443610074,3,0,0.5,3,0.7833709032871784,-21.266905662340996,0.024225751272378825
188,28.388581550949397,3,0,0.5,3,0.4482758284399384,-21.205294307909515,0.02399408547697883
189,28.263991705283303,3,0,1.0,3,0.20999199108165853,-21.230624591603,0.023920704117592645
190,28.340973830459202,3,0,1.0,3,0.729560688989503,-21.26155482700893,0.023825795043792043
191,28.382705802958316,3,0,0.3333333333333333,3,0.4765956664786619,-21.25669210097369,0.02374322816510411
192,26.94850389371848,3,0,0.23076923076923078,3,1.1937192166462922,-21.269349807348007,0.023595356788390722
193,28.304660075053928,3,0,0.0,3,0.23462554389560544,-21.192095576105892,0.023547499465781288
194,28.302090427834752,3,0,0.1,3,1.5521934599512153,-21.256032943725586,0.023543642678608496
195,28.352434092865142,3,0,0.5,3,1.2147449154306103,-21.22317499727816,0.02352666507500249
196,24.730223149935437,3,0,0.32894736842105265,3,0.6758950932518296,-21.28748022991678,0.023388538995514744
197,-1.5818818808217834,1,2,0.375,3,1.2124405213764735,-21.210726111275807,0.023390607855149678
198,27.122003030148477,3,0,0.18181818181818182,3,1.4323205086025033,-21.189161197559255,0.023366434650646674
199,28.212515637799214,3,0,0.16666666666666666,3,1.2409498918997615,-21.235394929584704,0.023493836976979907
200,28.34241362849781,3,0,0.2,3,1.291281717164176,-21.28296345302037,0.023631392738648824
201,27.68130886505539,3,0,0.2222222222222222,3,1.485925087874586,-21.229121294888582,0.023643881138978584
202,28.321741250345692,3,0,0.25,3,0.9914793935086992,-21.12242825826009,0.023725697512014046
203,27.915476284807017,3,0,0.23076923076923078,3,1.3922796756960452,-21.241670727729797,0.02387360332068056
204,28.174250911713532,3,0,0.16666666666666666,3,2.5161991373581043,-21.202102100147922,0.02404448121566983
205,28.094003372097973,3,0,,3,1.3943123787641525,-21.110675201416015,0.024165172055363657
206,28.332752160924212,3,0,,3,1.5279042688084812,-21.09557728651093,0.024322023933253636
207,28.04790627778786,3,0,0.07142857142857142,3,1.3144687358822142,-21.133268356323242,0.024504186053361212
208,28.376223604722025,3,0,,3,0.5333465887677102,-21.14093562534877,0.0245702714171438
209,28.324199000088175,3,0,,3,1.0653641349390934,-21.200846672058105,0.024506088150174993
210,28.373956485732744,3,0,0.3333333333333333,3,0.5282058947180447,-21.195182248165732,0.024311071163729617
211,28.414512053297035,3,0,,3,0.5320065359811526,-21.22924041748047,0.02412618072451772
212,27.738001554982574,3,0,0.14285714285714285,3,1.3045446387850321,-21.22372043316181,0.023920810996339872
213,28.184174450143175,3,0,,3,0.9385723123947779,-21.18608928862072,0.023903350567533857
214,28.213924479182825,3,0,,3,0.9285484424164129,-21.213061665379723,0.02396830236322658
215,27.940863695624767,3,0,,3,0.48926668142785834,-21.221168673768336,0.023842648051831186
216,28.381385277733113,3,0,,3,1.0675864772394645,-21.207410368808482,0.023657880030399144
217,28.277046666245763,3,0,,3,0.7325975949444422,-21.231495415292134,0.02356501300705642
218,28.021958585598515,3,0,,3,0.868947986852039,-21.2938024780967,0.02358157852325927
219,27.919052014669187,3,0,,3,1.609893478791822,-21.20301407033747,0.02348791202530265
220,28.266740155577462,3,0,,3,0.7749255829772284,-21.29200833342796,0.02346504063800324
221,27.987885720721465,3,0,,3,0.29210271087347295,-21.270969690061083,0.023251101155491435
222,28.347777244773464,3,0,,3,1.4825300141459419,-21.32735079810733,0.023011642242116586
223,28.16878615451198,3,0,,3,1.198870588839054,-21.2926944732666,0.022944677667692304
224,28.16967797952218,3,0,,3,0.8688158207469516,-21.282524066501193,0.022895842376682494
225,28.177274128856585,3,0,,3,0.4214943962341005,-21.344995498657227,0.022809679662300783
226,28.16239775342825,3,0,0.375,3,0.1514992814424426,-21.29924854012423,0.022660627441350802
227,27.997685347786135,3,0,,3,1.1197809510580872,-21.299766084422235,0.022468849773640217
228,28.12719846155882,3,0,,3,1.059931547443072,-21.29090313381619,0.022337107981244723
229,27.861369801910303,3,0,,3,0.7756669552624226,-21.26671943664551,0.022213640473783016
230,28.224881019892162,3,0,,3,1.3116065060098967,-21.216431427001954,0.021952229282922214
231,27.88833156806111,3,0,,3,0.9954276637732983,-21.271752014160157,0.021726902909576892
232,28.304044608587844,3,0,,3,1.4798336407033408,-21.25854636401665,0.021520957305300528
233,28.279959319009947,3,0,,3,1.1142242424363313,-21.35005760192871,0.021589332368484763
234,27.990610453792698,3,0,,3,0.8805399073854737,-21.324769393257473,0.021577010417114132
235,27.98895526441183,3,0,,3,0.6369082070059247,-21.334290144178603,0.02154372466935052
236,28.2671293372768,3,0,,3,1.1580446906049142,-21.304368062452838,0.021469387395138092
237,28.208222878442214,3,0,,3,1.273158130430898,-21.36230029616245,0.021366426807849906
238,28.294865718259672,3,0,,3,1.079355318917007,-21.261772807051496,0.02139780061637483
239,28.211421727276804,3,0,,3,0.9188246930187399,-21.305510607632723,0.021288364786993374
240,28.286074314038178,3,0,,3,1.340318936109543,-21.290772438049316,0.021245379606261848
241,28.26499762466563,3,0,,3,0.6628759837848075,-21.29661876597303,0.02129625164447947
242,28.327021102129237,3,0,,3,1.2620848532766105,-21.27408285140991,0.02125667342916131
243,28.245667660696515,3,0,,3,1.11456710845232,-21.283938217163087,0.02134235086850822
244,28.37477818151687,3,0,,3,0.36323848156592786,-21.34333273080679,0.02141738620897134
245,28.100611008494905,3,0,,3,0.5513090047894454,-21.292538619622952,0.021527146466258095
246,28.398801776771204,3,0,,3,0.3758110586425354,-21.321111021370722,0.021565763022879075
247,28.404517320340677,3,0,,3,1.0903702179590862,-21.333888435363768,0.021572055481374263
248,28.319421350999843,3,0,,3,0.4795763609118951,-21.344219354482796,0.02150934251646201
249,28.395704082540878,3,0,,3,0.47340966951708463,-21.293419239132902,0.02141746705354646
250,28.24746509466063,3,0,,3,0.16877523097727035,-21.39617657131619,0.02124694614774651
251,28.519720530210567,3,0,,3,0.37458052418448706,-21.38204609264027,0.021100185134194115
252,28.43536695449883,3,0,,3,0.5410008688922971,-21.331323385238647,0.020938564673997462
253,28.278073068722225,3,0,,3,0.3846609918400645,-21.290462017059326,0.02080674492754042
254,28.49380242576471,3,0,,3,1.2807412576494794,-21.353558800437234,0.020689633872472878
255,28.587405470087607,3,0,,3,0.8304150937883942,-21.35740343729655,0.02059795948918219
256,28.484377299941627,3,0,,3,0.16808545717905307,-21.35068571156469,0.02060522742826363
257,28.322932682319713,3,0,,3,0.8313967938224475,-21.38563454945882,0.02047773189842701
258,28.425846602396774,3,0,,3,0.615876044287826,-21.334820024894945,0.02021016152293393
259,28.476375291043297,3,0,,3,0.35488375183194876,-21.430114805698395,0.01995979336788878
260,28.390501772095465,3,0,,3,0.48382095413075554,-21.37666654586792,0.01980008754051394
261,28.518288971849064,3,0,,3,0.6435991479083896,-21.32098183631897,0.019597062841057777
262,28.492902642381363,3,0,,3,0.5936409360063928,-21.37852144241333,0.019437003880739212
263,28.59532817059024,3,0,,3,0.1403815866048847,-21.413516317095077,0.019387634471058846
264,28.52392652370484,3,0,,3,0.7556541413068771,-21.413529857512444,0.019305337280515703
265,17.595169773147255,2,0,,3,0.36077736333012583,-21.48582540512085,0.019178636809810995
266,28.37516151469111,3,0,,3,0.12043402567505837,-21.597813924153645,0.01915845461189747
267,28.45556914141964,3,0,,3,0.09769318432643495,-21.609413804679082,0.019125340377976155
268,28.479989894087407,3,0,,3,0.12091047004345924,-21.584921498452463,0.019074451058141647
269,28.530280086896397,3,0,0.0,3,0.39652907379247526,-21.550717812997323,0.019032700884121435
270,28.47997851308483,3,0,,3,0.10158262277642886,-21.59411188761393,0.019075590434173742
271,28.416952172916805,3,0,,3,0.338579088183386,-21.548439025878906,0.0190584110096097
272,28.48248178661306,3,0,,3,0.29077692570224883,-21.57417248141381,0.019024040489908186
273,28.357077931697237,3,0,,3,0.11476750017115564,-21.58182820406827,0.01898679453315157
274,28.271563810198177,3,0,,3,0.39101475290954113,-21.594842502049037,0.018923986170973097
275,28.39315248977367,3,0,,3,0.36723573285120503,-21.54556535791468,0.01897402914861838
276,28.51995849911292,3,0,,3,0.3200254092613856,-21.607402801513672,0.01901072487235069
277,28.341278939426303,3,0,,3,0.10870968252420425,-21.624309984842935,0.019054109106461208
278,28.34397685145478,3,0,,3,0.10917569913210408,-21.58622815532069,0.0190038732703655
279,28.322102036161255,3,0,,3,0.2978078833470742,-21.568114789326987,0.018928897194564344
280,28.39973037417404,3,0,,3,0.11851516498192664,-21.56923318678333,0.018901277453668656
281,28.331047916136423,3,0,,3,0.0928644163068384,-21.650656163692474,0.018888694467023015
282,28.541378714781874,3,0,,3,0.36587326870910053,-21.647402335857524,0.018888390655147618
283,28.33077270146327,3,0,0.5,3,0.09342897238750611,-21.602282185708322,0.01896277190216126
284,28.34177423065596,3,0,,3,0.09911496652399793,-21.609543183270624,0.018959802684976775
285,28.37291438787162,3,0,,3,0.31235514148589105,-21.612547105358495,0.018883254559290026
286,28.605399301299247,3,0,0.0,3,0.30320266736992474,-21.64939176625219,0.01889707482066648
287,28.41556222233928,3,0,0.0,3,0.09443338063580019,-21.638288497924805,0.0189707664841855
288,28.396158304078977,3,0,,3,0.3619817717661781,-21.655227538078062,0.019053067050633893
289,28.26722030302538,3,0,,3,0.6196104252132876,-21.594983988794787,0.019149359187175488
290,28.367874825239586,3,0,,3,0.09421857985956915,-21.629172292248956,0.019195324259585346
291,28.38558514598974,3,0,,3,0.09780878453485427,-21.646293024862967,0.019256472467414795
292,28.21246812483534,3,0,,3,0.31924357355544064,-21.61186848264752,0.01927027761033087
293,28.229898096678323,3,0,0.25,3,0.6099026130029449,-21.63652186923557,0.019315914699324855
294,28.230384434996846,3,0,0.0,3,0.09854270438804771,-21.725706909642074,0.019488323705665993
295,28.306999589805645,3,0,,3,0.08982030967516559,-21.618330683026993,0.019558532230023826
296,28.099944738588945,3,0,0.125,3,0.08338856581470062,-21.63117185132257,0.01956074036143977
297,28.26373625121293,3,0,,3,0.540628350029389,-21.639142417907713,0.019554299861192705
298,28.439510359043783,3,0,,3,0.5317803487181664,-21.631344095865884,0.019646726176142694
299,27.695436475618894,3,0,0.1,3,0.3365307221455233,-21.675503253936768,0.019900556254599775
300,27.770140939487657,3,0,0.25,3,0.5588147036199059,-21.60409825188773,0.02009505153234516
301,28.28721675624452,3,0,1.0,3,0.34048940848421166,-21.618047149093062,0.02025504437861619
302,28.516259290225307,3,0,,3,0.30350692107759675,-21.6099339846907,0.020257418654088317
303,27.98778577953101,3,0,0.2,3,0.36520960595872665,-21.621108019793475,0.02021751835666321
304,28.482484612318405,3,0,,3,0.3377999792407666,-21.707195145743235,0.020217534753360918
305,27.99193190935007,3,0,0.2,3,0.12686363428279204,-21.688581042819553,0.020327714237350004
306,28.27015741958613,3,0,0.2,3,0.08840776262459932,-21.646346198187935,0.020364226152499516
307,28.480172402540234,3,0,,3,0.571957987334047,-21.63041087559291,0.02036083789010133
308,28.411561779513352,3,0,0.5,3,0.5792441163901929,-21.617510477701824,0.020468029504021008
309,27.62817090339909,3,0,0.08333333333333333,3,0.5270575381539486,-21.627152619538485,0.020487529398114594
310,28.245819331458367,3,0,0.25,3,0.1260522859620637,-21.68184050198259,0.020507100134574133
311,28.29788725581237,3,0,0.375,3,0.10450045957609459,-21.621604919433594,0.020575081446656474
312,28.369248593572795,3,0,0.25,3,0.08792711435644715,-21.688964278609664,0.020562419736826862
313,27.98731328304309,3,0,0.2,3,0.3387821904782738,-21.643009866986954,0.020561224381838526
314,28.141208861053244,3,0,0.25,3,0.3258668995565838,-21.66610131440339,0.020528999950598786
315,28.604959927692637,3,0,,3,0.08258451308522906,-21.60503782544817,0.020516118500381708
316,28.403763331609255,3,0,,3,0.554613605969482,-21.595427265873663,0.020392932687644607
317,28.664485103930726,3,0,,3,0.6756401165787663,-21.6400329044887,0.02034838012020503
318,28.410658630246047,3,0,1.0,3,0.13553896572973048,-21.63654238837106,0.02050048518659813
319,28.582424163570398,3,0,,3,0.09131546525491609,-21.615537926002784,0.02058438432437402
320,28.465606813989698,3,0,,3,0.37212819374840833,-21.65471340047902,0.020538104954978514
321,28.364991563313424,3,0,,3,0.25141569791782287,-21.630156178628244,0.020535074655086763
322,28.353851396966718,3,0,0.25,3,0.5476584602837209,-21.639016539962203,0.020474840438476315
323,28.373556819157226,3,0,0.5,3,0.4986253857355693,-21.650438900651604,0.020506585273763228
324,28.478188276821715,3,0,1.0,3,0.4472738094627857,-21.647305284227645,0.020530110956834897
325,28.277378220647147,3,0,0.25,3,0.29652791539276085,-21.72068115516945,0.02062458351806358
326,28.335991955513492,3,0,0.0,3,0.09050404970292691,-21.670203809384947,0.020791988474903284
327,28.705402180623864,3,0,,3,0.07600471529143828,-21.690362011944806,0.02085325873836323
328,28.6553548041787,3,0,0.5,3,0.06095569767057896,-21.656026908329554,0.020859295169689825
329,28.66458960632824,3,0,,3,0.06741888696948688,-21.67365900675456,0.020872042479890364
330,28.557772302342162,3,0,,3,0.06099741198122501,-21.713524055480956,0.020872039223710694
331,28.608911102097583,3,0,,3,0.05951251382274287,-21.70155586515154,0.020908316929957697
332,28.50760786252256,3,0,,3,0.05544415406054921,-21.692982426396124,0.02092475037055987
333,27.846412452288405,3,0,0.2,3,0.04860004934447783,-21.719827369407373,0.020918896145842695
334,28.29837533582521,3,0,0.5,3,0.053488106067691533,-21.685999529702322,0.020882487895765474
335,28.22286842770391,3,0,0.5,3,0.05450985773845955,-21.709961431997794,0.02087588663454409
336,28.568696657292975,3,0,,3,0.05119793020464756,-21.71115889372649,0.020911527866566623
337,28.62219006238834,3,0,,3,0.043308300966465915,-21.688122714007342,0.02091933676490077
338,28.646325472949766,3,0,,3,0.04857003252054083,-21.76930078966864,0.020894580681262345
339,28.622663066227307,3,0,,3,0.04264437841872374,-21.734987682766384,0.020893366869401048
340,28.516264212893777,3,0,,3,0.04764392723639806,-21.707983440823025,0.020883168542274722
341,28.72639687049546,3,0,,3,0.042845206404173816,-21.717198336565936,0.0209292055418094
342,28.42000913354781,3,0,,3,0.04342774417379807,-21.70929954791891,0.020977804051904844
343,28.558036167554604,3,0,0.5,3,0.040929894536160506,-21.771783608656662,0.02101658184367877
344,28.444789845268293,3,0,,3,0.04336468701561292,-21.741628646850586,0.02109386641532183
345,28.733949039515057,3,0,0.5,3,0.037804294377565384,-21.75114624316876,0.021146562595206957
346,28.557956718336968,3,0,,3,0.039445723806108744,-21.744298662458146,0.02123713499999472
347,28.587818889452166,3,0,,3,0.04014021697055016,-21.762018135615758,0.021262608002871275
348,28.55203472571193,3,0,,3,0.03841551855482437,-21.746035893758137,0.021285625519575895
349,28.599573948220577,3,0,,3,0.039674232713878155,-21.751699154193584,0.021336414779608067
350,28.67064109881512,3,0,,3,0.03849163934312485,-21.743119981553818,0.021351055828509508
351,28.50452950392416,3,0,,3,0.03538984762361416,-21.74051394829383,0.021383064297529366
352,28.794017223409238,3,0,,3,0.035152209656579156,-21.73694624219622,0.02138007724923747
353,28.411147110519995,3,0,,3,0.03534350138423698,-21.757250104631698,0.021356817933597734
354,28.716299078297833,3,0,,3,0.04077914815682631,-21.74801731109619,0.02136776324075002
355,28.52884713287297,3,0,,3,0.037459338635758115,-21.72450503596553,0.02141018584370613
356,28.50145868292692,3,0,,3,0.03450365192084401,-21.75942392702456,0.021444005960667575
357,28.834331476965275,3,0,,3,0.03428282678403236,-21.77545674641927,0.021477597455183666
358,28.594219784232312,3,0,,3,0.03271484721837373,-21.787684539268756,0.02149555498156054
359,28.680838186053574,3,0,,3,0.03600000893628156,-21.75207561916775,0.021531090140342712
360,28.67224616920281,3,0,,3,0.03232653045023863,-21.73078889113206,0.02152473207276601
361,28.62664851271172,3,0,,3,0.031560480732608726,-21.800139603791415,0.02152014165012925
362,28.632071552807037,3,0,,3,0.03448240625272904,-21.768890721457346,0.021536758236054863
363,28.51145301134836,3,0,,3,0.03361161339741487,-21.766900649437538,0.021573699580935333
364,28.73772381512849,3,0,,3,0.03379965064903864,-21.770508986253006,0.02159673570153805
365,28.633613164658005,3,0,0.0,3,0.03356854173426445,-21.761013177724983,0.02163735254166218
366,28.501542925706165,3,0,,3,0.033263214829343336,-21.80262198271575,0.021664529624912474
367,28.75524567411397,3,0,,3,0.03227382318841086,-21.747749752468533,0.021706779659898194
368,28.65728549653578,3,0,,3,0.032690171221340145,-21.79666766413936,0.021772441488725168
369,28.749462367907952,3,0,,3,0.03074507318713047,-21.807904208147967,0.02180839571411963
370,28.712975546914077,3,0,,3,0.03121651902242943,-21.771722511008935,0.02180426836841636
371,28.642604343823233,3,0,,3,0.02877323170778928,-21.80742941962348,0.021820941250081414
372,28.71841936804039,3,0,,3,0.03168535597908955,-21.801302983210636,0.021872001485182688
373,28.64045238556587,3,0,,3,0.027569321016299313,-21.797640307196254,0.021922900245107454
374,28.755710440189414,3,0,,3,0.027921300795343187,-21.79141616821289,0.02195890799716667
375,28.748076922420292,3,0,,3,0.026623251054573943,-21.768357241595233,0.02199044437320144
376,28.584186222701533,3,0,,3,0.028992968079234873,-21.783233983176096,0.02197699568101338
377,28.624053386636792,3,0,,3,0.02571018935682682,-21.758381109971268,0.021972093946085527
378,28.70648223682778,3,0,,3,0.026591976705406393,-21.79512119293213,0.02199755489294018
379,28.573775266822143,3,0,,3,0.030186466944332305,-21.81479373345008,0.022037358309787054
380,28.51152284796309,3,0,0.0,3,0.0291088899740806,-21.752477425795334,0.022046520446355525
381,28.759167834064243,3,0,,3,0.024598100795768775,-21.806648694551907,0.022026721244821183
382,28.692103970141677,3,0,0.25,3,0.025568840022270497,-21.80437806936411,0.022101782477245882
383,28.667251506143298,3,0,,3,0.0270761266084654,-21.79846157346453,0.022211107092776468
384,28.730028883978267,3,0,,3,0.026336335473590426,-21.814425574408638,0.022244624379608367
385,28.614551667906397,3,0,,3,0.023830794142904104,-21.782671963727033,0.022244627001108946
386,28.53923012057973,3,0,,3,0.024579508437050715,-21.80933083428277,0.02223662011049412
387,28.59420884591943,3,0,,3,0.024434213239986163,-21.807923830472507,0.022237516581439055
388,28.60695951276472,3,0,0.0,3,0.023678448982536793,-21.8360684468196,0.022221315293931045
389,28.720506161022897,3,0,,3,0.024211831605778292,-21.803033902094914,0.022192505474847097
390,28.42208013315631,3,0,0.375,3,0.023952690669550344,-21.814508291391228,0.022191779473080084
391,28.530435903908195,3,0,0.5,3,0.023656351026147604,-21.76821940285819,0.02217403213892664
392,28.415531571928955,3,0,,3,0.023268043925916707,-21.811009159794562,0.02222148294526118
393,28.38148903523574,3,0,0.0,3,0.02490096297804956,-21.783656650119358,0.022234855219721794
394,28.655959100398803,3,0,0.5,3,0.02478333369183999,-21.80612094585712,0.02223890647292137
395,28.44775786280844,3,0,0.0,3,0.022561412373626674,-21.780526761655455,0.02224543594099857
396,28.598782003748536,3,0,,3,0.02389062082927142,-21.787068094526017,0.022230040015918866
397,28.656482436229023,3,0,0.0,3,0.022860224669178326,-21.83320349234122,0.022207376788611764
398,28.624333310960893,3,0,0.5,3,0.02186834649182856,-21.810335636138916,0.022215337958186865
399,28.63181113482817,3,0,0.5,3,0.022634217653561522,-21.838583275123877,0.022221982272134885
400,28.707153160534364,3,0,,3,0.0205756057268725,-21.812058962308445,0.022177217098382804
401,28.73006406179481,3,0,0.0,3,0.022668906820139716,-21.828680106571742,0.022198113413261517
402,28.54640188188931,3,0,0.25,3,0.020487462037375996,-21.838284628731863,0.022243878804147243
403,28.662082150989068,3,0,0.5,3,0.021874449359109767,-21.82656244131235,0.02227356922454559
404,28.46422152251341,3,0,0.25,3,0.023117360658943653,-21.82104668250451,0.022305937125705756
405,28.577977861862383,3,0,0.375,3,0.0217574299671329,-21.807365344120907,0.022349797690717075
406,28.546877056271057,3,0,0.16666666666666666,3,0.022975018075494853,-21.807942072550457,0.02238394789121769
407,28.709259296257144,3,0,,3,0.023717119668920834,-21.81314567283348,0.022397792380717065
408,28.605880906355782,3,0,0.0,3,0.02283946328378957,-21.81496968762628,0.02244641220775144
409,28.553076150763435,3,0,,3,0.021837565382676467,-21.823278290884836,0.02239853915359293
410,28.5611284293247,3,0,0.25,3,0.021013553919536725,-21.839024748120988,0.022390004513519152
411,28.388315342253474,3,0,0.16666666666666666,3,0.020967762630719405,-21.805604934692383,0.022415575499718007
412,28.503333870194613,3,0,0.5,3,0.02106861100980529,-21.79281305383753,0.02243745492564307
413,28.598769770331074,3,0,0.5,3,0.022883543744683266,-21.84740165427879,0.022393330793689797
414,28.523295107358418,3,0,0.5,3,0.021900621484275216,-21.766445725052446,0.022356222694118816
415,28.626081261178722,3,0,,3,0.023563539210174764,-21.756465230669296,0.022320537761385952
416,28.584876871962432,3,0,0.5,3,0.021112673543393613,-21.742996826171876,0.02227730117738247
417,28.554304898072616,3,0,,3,0.02086692349985242,-21.680861609322683,0.022238450989659344
418,28.511474954268795,3,0,1.0,3,0.019721747874947532,-21.697123663766043,0.02220211158107434
419,28.498051046839638,3,0,0.3333333333333333,3,0.023138731683569926,-21.73938828927499,0.022134853733910456
420,28.57080100432748,3,0,1.0,3,0.019569498619862964,-21.752974033355713,0.02209874801337719
421,28.82573629354658,3,0,0.5,3,0.019516357578910314,-21.731134561391976,0.022045000456273556
422,28.603552743043995,3,0,0.5,3,0.018998919054865837,-21.73956588218952,0.021969966654633653
423,28.436289217109437,3,0,0.375,3,0.019911860253799846,-21.73938772413466,0.021942806602628144
424,28.589886892490707,3,0,,3,0.019196842728113686,-21.721864064534504,0.021881458177058784
425,28.636116819375925,3,0,0.5,3,0.02000046517699957,-21.733952407836913,0.02181913711130619
426,28.561704983013215,3,0,0.5,3,0.01910686832187431,-21.728437151227677,0.021690118725278547
427,28.50518477372078,3,0,0.0,3,0.019743860333359668,-21.764395713806152,0.021547461128128425
428,28.53298383682098,3,0,0.25,3,0.019350615019599598,-21.731270542851203,0.02142196141735271
429,28.63629872996764,3,0,,3,0.02035592364725368,-21.745854213319976,0.021312711567714297
430,28.67457937015666,3,0,0.0,3,0.01702739022396229,-21.729896121554905,0.02117544943811717
431,28.5993230126228,3,0,,3,0.01782361008892102,-21.74586636679513,0.021068975595491275
432,28.783807230907318,3,0,,3,0.018663618092735607,-21.75964065834328,0.02092866302916297
433,28.626800856737333,3,0,0.5,3,0.018661411410128628,-21.754590493661386,0.020808707232828492
434,28.680678440301907,3,0,,3,0.01865066750906408,-21.7582585471017,0.02068277169018984
435,28.56164995349289,3,0,,3,0.01716492225036577,-21.752093350445783,0.02058399061637896
436,28.61323372495225,3,0,,3,0.01716686309925441,-21.750385942130254,0.0205196858993892
437,28.564153435579012,3,0,,3,0.018109346015585795,-21.783313044795282,0.020439478603226167
438,28.658658958521283,3,0,0.0,3,0.01689383542786042,-21.7627458219175,0.020407080857290164
439,28.5952755318289,3,0,,3,0.016174458834374773,-21.754089487010035,0.020360056246662962
440,28.69207683224617,3,0,,3,0.015514371951145155,-21.77615264610008,0.020311343242172843
441,28.56567979616111,3,0,,3,0.015905495319101546,-21.772748099433052,0.02021642077576231
442,28.554642408955292,3,0,,3,0.016088374025587524,-21.767879281725204,0.02014871872961521
443,28.641668325832896,3,0,,3,0.015785445060048784,-21.767053536006383,0.02007988348071064
444,28.49518029522765,3,0,,3,0.015664313587227037,-21.782794543675013,0.019983382363404547
445,28.721371452092665,3,0,0.5,3,0.01558784736941258,-21.77680382905183,0.019905645607246295
446,28.6430350929671,3,0,,3,0.015844244371961663,-21.745306226942276,0.019863534718751907
447,28.67925481456957,3,0,,3,0.01546066626906395,-21.7667076928275,0.01982144532459123
448,28.53420082684219,3,0,,3,0.01636325447233739,-21.780444675021702,0.019742630905023328
449,28.56790696989201,3,0,,3,0.015088146231297788,-21.77663730752879,0.01963171439951864
450,28.51433962237415,3,0,0.5,3,0.01695671793201874,-21.780263966527478,0.0195374789422956
451,28.79605488563934,3,0,,3,0.015283468046358653,-21.793094430650985,0.019479969250304357
452,28.536949721808213,3,0,,3,0.014503493042731727,-21.80375678450973,0.019417342971320504
453,28.619150954542846,3,0,,3,0.014118412268106584,-21.794437196519638,0.019333678608139355
454,28.69485452018561,3,0,,3,0.012824809345017587,-21.79928765978132,0.019242738905761923
455,28.640095892154605,3,0,,3,0.013608215652682163,-21.81700247305411,0.019178852231966123
456,28.65059120284839,3,0,,3,0.013658547911930967,-21.829482820298935,0.01914381429001137
457,28.593431889029187,3,0,,3,0.013644724497916523,-21.805154093989618,0.019109114797578916
458,28.613345787780386,3,0,,3,0.013552855941708441,-21.809912222403067,0.019061463160647288
459,28.66932539980134,3,0,,3,0.01346630351272998,-21.81177125153718,0.019004061473188578
460,28.533516292562506,3,0,,3,0.014173973593170996,-21.812780380249023,0.01897487299585784
461,28.814993489002692,3,0,,3,0.01374704508041894,-21.828128390842014,0.018958215636235697
462,28.556257995576946,3,0,,3,0.012342865992751386,-21.841163847181534,0.018891867043243513
463,28.628476842848702,3,0,0.5,3,0.014618398863132353,-21.80968122129087,0.01886266318184358
464,28.753571857377597,3,0,0.25,3,0.014110959567395704,-21.81614065170288,0.01883892621845007
465,28.734153369844112,3,0,,3,0.01358487682703596,-21.827501443716194,0.018838675477756903
466,28.73745586872225,3,0,,3,0.013443409913667926,-21.81128544277615,0.018826531591238798
467,28.509629757962475,3,0,,3,0.013310765911792886,-21.863219754449254,0.018827017717834175
468,28.637154454192153,3,0,0.0,3,0.012646732437941764,-21.819301110726816,0.01883374189061147
469,28.708138631216286,3,0,,3,0.012607358499533601,-21.831858317057293,0.018851842110355694
470,28.634045306737164,3,0,0.5,3,0.01302391466183158,-21.837986652667706,0.01878167287661479
471,28.481118315054847,3,0,0.25,3,0.0139805985471377,-21.82727916424091,0.018776307312341835
472,28.731156006754095,3,0,,3,0.012784350249502394,-21.82030056141041,0.01875430228257621
473,28.559180323211507,3,0,0.16666666666666666,3,0.012607519729779316,-21.82930484184852,0.018742888664396908
474,28.576286390602974,3,0,,3,0.01135554137053313,-21.87542788187663,0.018755900984009106
475,28.58684143208424,3,0,,3,0.011337921126849122,-21.842108267324942,0.018748908614118893
476,28.647134011135048,3,0,0.5,3,0.011915740660495229,-21.863240842466002,0.018763764175000013
477,28.530905313097332,3,0,,3,0.012142298842913337,-21.84541634150914,0.018793911673128605
478,28.634918308965393,3,0,0.5,3,0.013410478864830953,-21.8506957160102,0.018792896290068275
479,28.760851599426598,3,0,,3,0.014615990121715836,-21.868717125483922,0.018768881248044118
480,28.723299306166172,3,0,,3,0.013563334700410013,-21.875880983140732,0.018744678409011277
481,28.575649241564566,3,0,0.5,3,0.011476429711495127,-21.859371185302734,0.018784210485007082
482,28.427418751945982,3,0,,3,0.01297466225784134,-21.834596280698424,0.018807968124747276
483,28.613609977289414,3,0,,3,0.011593790824658104,-21.861829893929617,0.018830231656985625
484,28.692289177577507,3,0,0.0,3,0.013068542815744877,-21.87639016371507,0.01884893807940758
485,28.644468862814104,3,0,0.0,3,0.013293348321760143,-21.881845474243164,0.01882950989184556
486,28.60346405138921,3,0,,3,0.010640809398696379,-21.893674002753365,0.018809779995569476
487,28.704699382698617,3,0,,3,0.011735694659552697,-21.867207296963397,0.018824820631536943
488,28.747326820440197,3,0,,3,0.011596375869380103,-21.859411875406902,0.018840439479660104
489,28.66814974144833,3,0,0.3333333333333333,3,0.010300460064576732,-21.883579678005642,0.018810302019119263
490,28.565904966028388,3,0,,3,0.011607226782611437,-21.90311356953212,0.018777364332761084
491,28.55080765286107,3,0,,3,0.010835216863563767,-21.91641185901783,0.01874678312904305
492,28.68371375462249,3,0,,3,0.011299673210957954,-21.90905998493063,0.018714051244073902
493,28.645039281030126,3,0,,3,0.01108985990975742,-21.876713788067853,0.01867448745502366
494,28.51251008921666,3,0,,3,0.010966622969135642,-21.86868919645037,0.01864799950271845
495,28.573403742666258,3,0,,3,0.010345651216253086,-21.906411700778538,0.018673683965095767
496,28.578762008251402,3,0,,3,0.010425569386117987,-21.878937897858798,0.01866734020963863
497,28.555047129364723,3,0,0.5,3,0.00998534877518458,-21.90831572668893,0.01864254960258092
498,28.600251400163273,3,0,,3,0.011272882715005565,-21.923369654902704,0.018638399602086457
499,28.684168438991218,3,0,,3,0.010782799988599687,-21.89270381269784,0.018634396573079044
500,28.65961691078495,3,0,,3,0.012308725155889988,-21.931473391396658,0.018654977237539633
501,28.55597770426475,3,0,0.0,3,0.012553099310025573,-21.907951968056814,0.01866447286946433
502,28.761811174759647,3,0,,3,0.011029532627650985,-21.903759779753507,0.018638227962785296
503,28.596778776268945,3,0,,3,0.0107005147729069,-21.931793485369003,0.018617293863956417
504,28.80577738964935,3,0,,3,0.01066366488251973,-21.905766239872687,0.018555610475164873
505,28.64944240542742,3,0,,3,0.009839274282394736,-21.953095188847296,0.018527426860398717
506,28.510495208600833,3,0,,3,0.01115123275667429,-21.929673936631943,0.01848172120474003
507,28.60835253738827,3,0,,3,0.009635008555570883,-21.95851162501744,0.018423945177346468
508,28.88744324246174,3,0,,3,0.010348228773532005,-21.916817371661846,0.01836590454555475
509,28.625119434346434,3,0,,3,0.009950282451297556,-21.93306793485369,0.01834823257688965
510,28.82399352674822,3,0,,3,0.010703439289634978,-21.920044015955042,0.01832056031734855
511,28.530948506007785,3,0,,3,0.010548329118777204,-21.923962557757342,0.018289627852263273
512,28.695736297640778,3,0,,3,0.00989086068821726,-21.957281748453777,0.018230449546266486
513,28.47638124021689,3,0,,3,0.009104015202158026,-21.938602094297057,0.018185953644138796
514,28.697830061674747,3,0,,3,0.010151523251638369,-21.938225428263348,0.01819116173794976
515,28.56582858846902,3,0,,3,0.008880369365215302,-21.924389157976425,0.018200004938989878
516,28.52091245293001,3,0,,3,0.009069630088141331,-21.922227052541878,0.018220563920644615
517,28.70925657348526,3,0,,3,0.009065577122210353,-21.94306076897515,0.018179173891743023
518,28.72715543402394,3,0,0.0,3,0.008368893233300359,-21.927661895751953,0.01814466397519465
519,28.709273553125826,3,0,,3,0.009830352350103634,-21.922815534803604,0.018143622894529945
520,28.607624690054948,3,0,,3,0.008790229964587424,-21.963411613746924,0.018090879337655172
521,28.662410751649208,3,0,,3,0.008138002896750415,-21.938662352385343,0.018091786307869135
522,28.68473670283886,3,0,,3,0.009716180565122228,-21.99159057323749,0.018091562275703136
523,28.659199036289504,3,0,,3,0.0091191528847924,-21.959509390371817,0.018073207526295272
524,28.58922581582928,3,0,0.0,3,0.009435990699925102,-21.968956287090595,0.018045546845174752
525,28.74915672269086,3,0,,3,0.011080992339109932,-21.981257968478733,0.018007180963953335
526,28.59752461049011,3,0,,3,0.010352363726789398,-21.953463077545166,0.01795006323871868
527,28.798334541345724,3,0,,3,0.008541435020527354,-21.9429997338189,0.017935516657652677
528,28.66451793593893,3,0,,3,0.008800925359267879,-21.973840077718098,0.017891870673607896
529,28.667124505993154,3,0,,3,0.00884015392512083,-21.98084216647678,0.017800452739552216
530,28.6869034678334,3,0,,3,0.009390963638132369,-21.95126618279351,0.01778174033043561
531,28.56409933300823,3,0,,3,0.00817893133326261,-21.956942169754594,0.017810669486169464
532,28.65056028828556,3,0,,3,0.007608860797647919,-21.94053261620658,0.01782567286863923
533,28.76087045374058,3,0,,3,0.009132057324879699,-22.0074787846318,0.0178176232924064
534,28.63181543913825,3,0,,3,0.009614113270520018,-21.995516483600323,0.017766091184547313
535,28.58459774733672,3,0,0.5,3,0.009599525123261489,-21.974072529719425,0.01771370185395846
536,28.612695417418482,3,0,,3,0.008609058717930955,-21.983008997780935,0.017676417782370533
537,28.786399201509152,3,0,,3,0.008545519111471044,-21.977080945615416,0.017656803958945803
538,28.74430658149069,3,0,,3,0.0083820806229832,-21.983847935994465,0.017651478794437868
539,28.70461907823629,3,0,,3,0.00833525037806895,-22.00910985028302,0.017653617387016613
540,28.706970228569404,3,0,,3,0.007968719475544415,-22.000630672161396,0.017668859245112307
541,28.746210287503995,3,0,,3,0.008211357339930076,-22.030429473290077,0.017645309750850383
542,28.900239587059712,3,0,,3,0.008299876970273477,-22.01193329139992,0.017622196494981094
543,28.608246518322094,3,0,,3,0.008475580252707005,-21.997719560350692,0.017568307662648813
544,28.72239978656181,3,0,,3,0.007994391576007561,-22.01290293093081,0.017481178114259685
545,28.603845304995446,3,0,,3,0.0075777434157552545,-22.018599686799227,0.017395684978476277
546,28.459139707889914,3,0,0.0,3,0.009375609989677156,-22.023287841251918,0.01732259456600462
547,28.687542277915487,3,0,0.0,3,0.007604409456969454,-22.002005943885216,0.017301654156584006
548,28.62688098196357,3,0,0.0,3,0.008148840478887516,-22.0374014036996,0.017296151391097477
549,28.698347576345583,3,0,,3,0.009551567042729369,-22.00835644757306,0.01729430458335965
550,28.679932554331923,3,0,,3,0.008540884194964612,-22.015719519721138,0.017244412736208352
551,28.72261267907902,3,0,0.0,3,0.007738903630524874,-22.02667172749837,0.01722074231063878
552,28.902808691047927,3,0,,3,0.00843436379606525,-21.996273747196906,0.01716241971762092
553,28.672246587661746,3,0,,3,0.00857023334202285,-22.031820150522087,0.017114809499337122
554,28.767872186469322,3,0,,3,0.006850180354107309,-21.98507245381673,0.017098152665076433
555,28.658004794051752,3,0,0.0,3,0.00784507003014109,-22.053580692836217,0.017078422409083163
556,28.721337978128975,3,0,,3,0.007828959908622962,-22.03928147829496,0.017039484559343412
557,28.739857647887153,3,0,,3,0.007727361767104379,-22.044135411580402,0.016998483281996515
558,28.792886153597014,3,0,,3,0.007671310894053291,-22.010604858398438,0.016985088448833535
559,28.693370518713806,3,0,,3,0.008092543665462961,-22.068897394033577,0.016962912793342885
560,28.820750702259065,3,0,,3,0.008259837247001437,-22.061919359060433,0.016944915056228638
561,28.84838226408449,3,0,,3,0.007307556189166812,-22.019999797527607,0.016940281439859133
562,28.72780685845687,3,0,,3,0.006910554294546063,-22.03529064471905,0.016942894086241722
563,28.61663100072964,3,0,0.16666666666666666,3,0.007510583116007703,-22.050207478659495,0.016935580742678473
564,28.717219097215793,3,0,0.25,3,0.007230232935398817,-22.042474951062882,0.01693446222426636
565,28.558789177267414,3,0,,3,0.007753290110625899,-22.044688078073357,0.016952346007411297
566,28.462034176206092,3,0,0.25,3,0.007412779344511884,-22.023455551692418,0.016971707211009095
567,28.601232169373684,3,0,,3,0.007246476168242784,-22.050074724050667,0.016916688818197984
568,28.732912241866604,3,0,,3,0.00773233556430097,-22.06785131383825,0.016897291427961102
569,28.657701436444455,3,0,,3,0.007405270302954774,-22.075624539301945,0.0168796144425869
570,28.885658727291666,3,0,,3,0.007230506780055853,-22.056673930241512,0.01684536491162502
571,28.94939904225887,3,0,,3,0.0069928425881597735,-22.060970306396484,0.01680705213436374
572,28.889531589984745,3,0,,3,0.007087374002569252,-22.064567919130678,0.01677995326894301
573,28.582652213274894,3,0,0.0,3,0.007002947041419921,-22.085363105491357,0.0167798008079882
574,28.71779206934811,3,0,,3,0.0069407734912461955,-22.02304121164175,0.016798643538585074
575,28.622064745348833,3,0,,3,0.006371105304704263,-22.056592794565056,0.01683229200828534
576,28.83652351831257,3,0,,3,0.00659341961503602,-22.091994799100437,0.016850314389627714
577,28.65932404631899,3,0,,3,0.006913899133602778,-22.068844477335613,0.016816306376346835
578,28.96096981243029,3,0,,3,0.007562237326055765,-22.098322501549355,0.016800437695704974
579,28.654971043694815,3,0,,3,0.006529493132033027,-22.056212792029747,0.016795556347530622
580,28.683796190876205,3,0,0.125,3,0.005829014280741966,-22.055530689380788,0.01680588039259116
581,28.878008168990622,3,0,,3,0.006673973985016346,-22.11520745204045,0.016799447341607168
582,28.6951911930496,3,0,,3,0.007991102398731388,-22.064920278695915,0.016776495326596957
583,28.78305838667986,3,0,,3,0.0061016149030855065,-22.08585445697491,0.016736326452631217
584,28.518958731005597,3,0,,3,0.006123650604142592,-22.080055090097282,0.016717843926296785
585,28.86779822792914,3,0,,3,0.005965387878509669,-22.140020003685585,0.01669636469047803
586,28.64799827028664,3,0,0.25,3,0.006030865617234398,-22.109418233235676,0.016670927543331077
587,28.705665970323313,3,0,,3,0.005386754050850868,-22.11933868408203,0.016621961295604705
588,28.586579472913822,3,0,0.5,3,0.006297764851926611,-22.12091511946458,0.016603550372215416
589,28.83822458378621,3,0,0.25,3,0.0058506376420458155,-22.113775606508607,0.016605580018626317
590,28.618415737726085,3,0,,3,0.005621967622293876,-22.14557383610652,0.016575519998486225
591,28.664513775021344,3,0,0.375,3,0.006302096814449344,-22.09479066303798,0.016549522522836924
592,28.773188353290404,3,0,,3,0.005544538502223217,-22.092751282912033,0.016555020943857156
593,28.74847804540414,3,0,0.0,3,0.005778030406131789,-22.100781476056135,0.016558145897256002
594,28.61614676736374,3,0,0.5,3,0.006655242260811585,-22.105060509272985,0.01654908453513469
595,28.63668400006843,3,0,,3,0.005643789351989443,-22.145762296823357,0.01658220825573573
596,28.774029478483328,3,0,,3,0.005884906796451945,-22.067374889667217,0.01662597618997097
597,28.601559847709293,3,0,0.16666666666666666,3,0.0057667427911208225,-22.109777450561523,0.016638308978424624
598,28.59502701123967,3,0,,3,0.00609498956383994,-22.14979780637301,0.01660836710093113
599,28.702891758757858,3,0,0.25,3,0.006474927014026504,-22.12050327887902,0.016568822857852165
600,28.827629427761195,3,0,,3,0.007188701393226018,-22.110595262967625,0.016576890976956256
