episode,score,steps,result,critic_loss,actor_loss
1,5.907162637396171,200,timeout,,
2,-8.1375738331963,176,collision,,
3,4.0004673447501,200,timeout,,
4,-1.5831793894498207,200,timeout,,
5,3.3438828864920787,200,timeout,,
6,-7.343553343940581,176,collision,0.04416257806207522,0.9339137845917752
7,-7.574408968409984,183,collision,0.13477958581547755,0.8156214220368344
8,-5.845487619238958,53,collision,0.11911473517253432,0.7226533385423514
9,-3.76941072284648,94,collision,0.16542531144210793,0.7029833121502653
10,30.134871567108192,67,goal,0.17251731548458338,0.667519806062474
11,29.816431474088205,92,goal,0.5355048493239218,0.5987815481165181
12,-3.72000267421953,25,collision,0.5869885815680027,0.5207778240243593
13,30.61809186661992,29,goal,0.41543002757404385,0.5358730097611745
14,30.577931493576422,23,goal,0.6700153570298267,0.517579585313797
15,30.925126698609603,20,goal,0.8691716231405735,0.4562105506658554
16,30.43885835249757,29,goal,0.7895365231509867,0.4386470595995585
17,30.446696167291492,30,goal,0.7720567187294364,0.40399496455987294
18,30.776998153146828,21,goal,1.0055070272868587,0.35941610783338546
19,30.833130680861654,20,goal,1.516684988513589,0.2770354703068733
20,30.711433128099465,21,goal,1.42393701842853,0.2241630737077106
21,30.66922543125319,24,goal,1.4787692297250032,0.2387569627414147
22,-2.407579626808566,21,collision,1.8033111372164317,0.13435122072696687
23,-3.063089393623077,20,collision,1.5692325565963983,0.15447601675987244
24,-5.564581611689994,17,collision,1.1181659637128605,0.23451869272523457
25,-2.3283726984128643,17,collision,1.5313799635452383,0.11930460203438997
26,-2.78744949764703,21,collision,1.1789132619187945,0.14163937588984316
27,-3.045204934535554,19,collision,1.3441759402814664,0.027960807498958375
28,30.024290147523864,73,goal,1.307238566548857,0.0006305365445646079
29,30.31861621929916,55,goal,1.0354201930490408,-0.13343734542528787
30,30.531591794477194,52,goal,0.9902517970364827,-0.1980191828826299
31,30.42673862193282,51,goal,0.8096318604315028,-0.2586445902975706
32,-5.400020929695626,14,collision,0.5274448272372995,-0.2926568335720471
33,-4.624658235308253,11,collision,0.720190091566606,-0.3398419082164764
34,30.544259896424844,32,goal,0.9987457445822656,-0.3455184996128082
35,-5.369933873490844,16,collision,0.8049242496490479,-0.3931035716086626
36,30.61148482631034,28,goal,0.9984696097671986,-0.4692646150610277
37,-5.056132185760171,10,collision,0.9518236868083477,-0.4971029222011566
38,30.81893896505961,31,goal,0.9055891474408488,-0.4419977841898799
39,-4.605504956456406,11,collision,0.9047955247488889,-0.4860532134771347
40,-5.103228567859128,11,collision,0.5429071662100878,-0.6257154196500778
41,30.527455334004657,23,goal,0.8882313866330229,-0.48771219700574875
42,30.669510827699206,27,goal,0.8446398675441742,-0.5628206035388368
43,30.5875985847415,22,goal,0.9854347170753912,-0.593723557212136
44,-5.099935216106955,16,collision,0.8031646297313273,-0.631245531141758
45,30.638265262753087,22,goal,0.9768890237266367,-0.7029916454445232
46,30.739765303059492,29,goal,0.6294284850872797,-0.738795804125922
47,30.747354444654327,27,goal,0.8586512312844947,-0.7775768552507673
48,30.517682834704416,25,goal,0.6457703387737275,-0.906907911101977
49,30.653550731326,27,goal,0.738044855495294,-0.8847546705177852
50,30.70825057558941,20,goal,0.7415635749697685,-1.083677500486374
51,30.34753648239586,37,goal,0.7840638104322795,-1.0225044041872025
52,30.518711788246165,22,goal,0.8916168754751032,-1.2029319242997603
53,30.878310785398142,22,goal,0.5155377482826059,-1.1706019748340954
54,30.615164146249917,27,goal,0.8626228813771848,-1.158918057169233
55,30.548472809979316,24,goal,0.49501244630664587,-1.2522936811049779
56,30.74827691142938,28,goal,0.5982516857662371,-1.2758971835885728
57,30.727186907625082,28,goal,0.616669359217797,-1.482762907232557
58,30.757773771210516,21,goal,0.5593090135426748,-1.7085182666778564
59,30.85476739075287,20,goal,0.3932914637029171,-1.6387665629386903
60,30.770902899535425,25,goal,0.396039679646492,-1.6108846022532537
61,30.88964146897233,20,goal,0.6323856242001057,-1.677845585346222
62,30.533174992329833,24,goal,0.5347399264574051,-1.6913595000902812
63,30.637546791003178,22,goal,0.531377533620054,-1.7729101614518599
64,30.76564728364329,27,goal,0.49664728233107813,-1.9075166537211492
65,30.675552990465363,20,goal,0.5347947672009468,-1.8300172805786132
66,30.726400471373402,20,goal,0.6157263465225696,-1.9171607136726379
67,30.930519247961985,21,goal,0.6158484206313178,-1.98763137513941
68,30.76604276075276,20,goal,0.603813998401165,-2.0953917026519777
69,30.542915308556694,21,goal,0.6445926257542202,-2.012621307373047
70,30.93500528844843,20,goal,0.5680600240826607,-2.2476738691329956
71,30.91908623789844,21,goal,0.41241568610781715,-2.1107506210153755
72,30.742594387446864,25,goal,0.5977074480056763,-2.200370490550995
73,30.657347735175634,20,goal,0.5595147430896759,-2.3918277859687804
74,30.60973161948047,20,goal,0.7046492371708155,-2.35126930475235
75,30.745856107243405,21,goal,0.4301825151557014,-2.3077037767930464
76,30.53938761730749,23,goal,0.628828966099283,-2.3227194981141523
77,30.966064904574033,25,goal,0.5971522474288941,-2.566293954849243
78,30.843124571249245,20,goal,0.5602848708629609,-2.544853115081787
79,30.565560747200266,20,goal,0.6421624094247818,-2.705956959724426
80,30.614713201178816,19,goal,0.43689674531158645,-2.7846559153662787
81,30.753344787168245,26,goal,0.5398983382261716,-2.834750432234544
82,30.8823564342032,27,goal,0.42605648520920014,-2.9750663552965437
83,30.732081083087273,19,goal,0.3857203941596182,-2.9479084279802112
84,30.805840474221245,23,goal,0.38315155259940936,-2.8404558300971985
85,30.702705580158444,26,goal,0.4826154697399873,-2.943315029144287
86,30.825867815707845,22,goal,0.4684129154140299,-3.1094702157107266
87,30.61209161304314,20,goal,0.47449352517724036,-3.192846727371216
88,30.523150981445966,20,goal,0.3754730299115181,-3.3706565618515016
89,30.574087017016165,20,goal,0.4897751025855541,-3.615748906135559
90,30.722126965996377,23,goal,0.5111744329333305,-3.322095372460105
91,30.682316688098936,19,goal,0.470603200165849,-3.4209913492202757
92,30.71400657238866,19,goal,0.3887013863576086,-3.3551430702209473
93,30.933854496922326,22,goal,0.5069217410954562,-3.7344518141313032
94,30.923503884100835,20,goal,0.5042212132364512,-3.800003099441528
95,30.742532953042883,25,goal,0.5960481137037277,-3.9888180769406834
96,30.601660756349546,27,goal,0.4976513783137004,-3.7983979995434103
97,30.626005066183772,22,goal,0.5057290230285038,-3.897372939369895
98,30.713568973523955,22,goal,0.4732993109659715,-3.9408967711708764
99,30.893385853345166,20,goal,0.46683034375309945,-3.654354429244995
100,30.65380707545222,23,goal,0.4799873223123343,-3.8538738489151
101,30.63564248794087,27,goal,0.3422240686637384,-4.1604225268730755
102,30.572535205007874,19,goal,0.34342398768977117,-4.3344207286834715
103,30.819334663543465,27,goal,0.4495070204138756,-4.365685499631441
104,30.611168980261375,29,goal,0.37691211957356024,-4.199661064147949
105,30.920374701681304,19,goal,0.3749380656763127,-4.46714022424486
106,30.736375575822407,24,goal,0.34875370437900227,-4.345674971739451
107,30.698505657993586,31,goal,0.4055914737043842,-4.7258718609809875
108,30.71428587894409,19,goal,0.3239633448814091,-4.537840472327338
109,30.84884785863428,22,goal,0.46665486456318334,-5.117856719277122
110,30.526671478161322,19,goal,0.34161193315920074,-4.682600402832032
111,30.686385917297816,28,goal,0.44275649823248386,-5.149640083312988
112,30.644459038931366,21,goal,0.5043302763785634,-4.991381454467773
113,30.770974336623425,20,goal,0.3974083423614502,-4.931051731109619
114,30.662664812546108,19,goal,0.26114198408628764,-5.209027433395386
115,30.538374711506584,20,goal,0.541110510379076,-4.9168181896209715
116,30.531187847151795,19,goal,0.4863356461650447,-5.010274675157335
117,30.745305195593673,26,goal,0.45088491244957996,-5.347025541158823
118,30.50933830870479,22,goal,0.38446933877739037,-5.260726105083119
119,30.722611420111306,20,goal,0.3613046184182167,-5.470282316207886
120,30.541552608206118,27,goal,0.4100468580921491,-5.47448113986424
121,30.87187149598924,22,goal,0.4416672120040113,-5.358870506286621
122,30.844391728469006,20,goal,0.32647123746573925,-6.007626581192016
123,30.906130199535543,21,goal,0.4847854411318189,-5.678405380249023
124,30.822233217306877,19,goal,0.5606112433107275,-5.926412153244018
125,30.59416443374615,25,goal,0.5465820640325546,-5.59761377175649
126,30.868527265709638,20,goal,0.3893462307751179,-5.948842763900757
127,30.831315707331026,23,goal,0.3871823270683703,-5.802134990692139
128,30.526863871792763,23,goal,0.3620333201859308,-6.183467301455411
129,30.707480394756992,20,goal,0.4149956703186035,-6.320905590057373
130,30.611937269407502,19,goal,0.47127695891417953,-6.230250597000122
131,30.672942464877856,21,goal,0.3791329317859241,-6.521566152572632
132,30.697255266007243,26,goal,0.42009442872726,-6.378383343036358
133,30.631694638976732,20,goal,0.4783760108053684,-5.782400274276734
134,30.808126663945067,24,goal,0.3282085306321581,-6.4979011217753095
135,30.810924819570626,20,goal,0.35783363319933414,-6.593400287628174
136,30.5974349927435,19,goal,0.3472141788194054,-6.411995840072632
137,30.804584081334617,24,goal,0.4814566858112812,-6.487545371055603
138,30.60622953228306,23,goal,0.4353254074635713,-7.044610370289195
139,30.733662528887873,20,goal,0.28991617672145364,-6.957449102401734
140,30.550418128983292,23,goal,0.4268417960923651,-6.719568689664205
141,30.613053476862444,21,goal,0.43104078549714314,-6.915219926834107
142,30.504506454596566,24,goal,0.41571178659796715,-7.085347771644592
143,30.534006825175503,22,goal,0.5364992378110235,-7.073695616288618
144,30.51571980212446,26,goal,0.3512525913807062,-6.854084711808425
145,30.499246342126845,24,goal,0.44003373632828396,-7.524388313293457
146,30.546736056657487,24,goal,0.32062278284380835,-7.513086994489034
147,30.38791649633294,38,goal,0.3553457785593836,-7.536134519075093
148,30.545203290615373,26,goal,0.5299353404687002,-7.565116845644438
149,30.757276138226345,20,goal,0.37205530107021334,-7.873123264312744
150,30.62208681585789,19,goal,0.41201723249335037,-7.579698276519776
151,30.792648710212767,20,goal,0.3737834706902504,-7.889497423171997
152,30.502173069739463,23,goal,0.37585800821366516,-7.3600616888566455
153,30.701278812458725,22,goal,0.31728754057125613,-7.926113952289928
154,30.76888908902415,21,goal,0.46254547827300574,-7.62637506831776
155,30.60916063480951,19,goal,0.34748447019802897,-7.688016467624241
156,30.7464564197888,20,goal,0.3373595252633095,-8.300252914428711
157,30.604875625344434,20,goal,0.3738385170698166,-7.865882825851441
158,30.695753078968185,20,goal,0.5224700544029475,-7.902787971496582
159,30.59786552784729,28,goal,0.42224334446447237,-8.112176282065255
160,30.527263855367664,27,goal,0.5060959742576988,-8.444788421903338
161,30.461018061280775,30,goal,0.48581193188826244,-8.372340552012126
162,30.6056631427862,23,goal,0.288369357585907,-8.634428544477982
163,30.464243965256955,27,goal,0.3027857202622626,-8.641772406441826
164,30.650235181042806,20,goal,0.3659487560391426,-8.623597621917725
165,30.533263362593253,27,goal,0.346377318656003,-8.561924567589394
166,30.575631904316744,20,goal,0.44677142798900604,-9.168964290618897
167,30.57664277810768,20,goal,0.518759512156248,-8.906251811981202
168,30.613173487005668,21,goal,0.4391040049848102,-8.938980449329723
169,30.51736528480197,21,goal,0.4687725128162475,-9.055392360687256
170,30.549902831816958,20,goal,0.656915870308876,-9.006857299804688
171,30.512372724828445,24,goal,0.39930370822548866,-9.085569699605307
172,30.618877044265666,20,goal,0.3762800361961126,-9.636463165283203
173,30.528999591985627,19,goal,0.5244877722702528,-9.3601393699646
174,30.5437310580622,21,goal,0.35624416917562485,-9.839227390289306
175,30.57079708348619,23,goal,0.44673604453387467,-9.66048781077067
176,30.554676956855992,19,goal,0.5468084302387739,-9.241928524441189
177,30.53120240142635,24,goal,0.4780691262955467,-9.339991887410482
178,30.649983497732737,21,goal,0.45387751928397585,-9.459290504455566
179,30.779563497298135,20,goal,0.4897949606180191,-9.601599407196044
180,30.604605530167113,19,goal,0.40150098345781626,-10.066874716016981
181,30.602440146005513,23,goal,0.9909874459971553,-9.807502349217733
182,30.70275164698576,19,goal,0.5123628142632937,-9.859115388658312
183,30.517244379156725,25,goal,0.38328745603561404,-10.237575971163237
184,30.50345821226211,25,goal,0.583904093503952,-10.15607746442159
185,30.534624354196133,19,goal,0.4396591013983676,-10.069342136383057
186,30.602237150088897,19,goal,0.4194689785179339,-10.072223133511013
187,30.613188124988092,23,goal,0.4647583047980848,-10.434162855148315
188,30.69740581846431,22,goal,0.32020469721068034,-10.278805299238725
189,30.759128881505383,19,goal,0.3764517495506688,-10.055001576741537
190,30.613899620828466,20,goal,0.5261521261185408,-10.388208770751953
191,30.395785408400442,37,goal,0.43063338241867116,-10.340126137984427
192,30.496102728435538,26,goal,0.3712980007896057,-10.847252552325909
193,30.524890284953564,22,goal,0.37003920430486853,-10.78476637059992
194,30.574544399522637,21,goal,0.3325185499020985,-10.461909866333007
195,30.490621118312607,26,goal,0.3354945475092301,-10.45769449380728
196,30.473511552146256,26,goal,0.3868875469152744,-11.29406892336332
197,30.642594335524233,20,goal,0.35362105295062063,-10.898772621154786
198,30.503029393590325,26,goal,0.44301097009044427,-11.360354863680326
199,30.738225095720423,20,goal,0.34317989349365235,-11.138354301452637
200,30.524035980169067,26,goal,0.44188418411291563,-11.188709919269268
201,30.57927485456998,19,goal,0.35493747144937515,-11.632038784027099
202,30.777446084335295,19,goal,0.3622079424952206,-11.180145899454752
203,30.63630085233143,20,goal,0.34080945327878,-11.322457122802735
204,30.488769660116127,25,goal,0.39669847100973127,-11.38520336151123
205,30.540851727028425,20,goal,0.7092671185731888,-11.72707576751709
206,30.552686371158266,23,goal,0.3435264521318933,-11.58571988886053
207,30.35692294236727,36,goal,0.46377865349253017,-11.733540534973145
208,30.601318914305075,20,goal,0.3876222148537636,-11.609743690490722
209,30.54164501322779,20,goal,0.37604313641786574,-11.964163875579834
210,30.468710745149583,27,goal,0.30632821774041213,-12.02799313408988
211,30.355853812603065,36,goal,0.6240975877477063,-12.084537559085422
212,30.496178659545464,27,goal,0.44206469588809544,-11.894830190218412
213,30.516453833250857,21,goal,0.3548901787116414,-12.371979973532937
214,30.54960567221489,20,goal,0.40282026678323746,-12.579266834259034
215,30.330024790307647,40,goal,0.6044608753174543,-12.232449054718018
216,30.51429929148763,22,goal,0.4788483807986433,-12.300243724476207
217,30.467680257659737,25,goal,0.8422565221786499,-12.380093574523926
218,30.583926763753986,22,goal,0.24069106104699048,-12.164265979420055
219,30.625780102922477,20,goal,0.5180435042828322,-12.28466272354126
220,30.29674388995875,42,goal,0.5398979034452212,-12.825055803571429
221,30.667890079299287,20,goal,0.6574187889695168,-13.090196323394775
222,30.651503758848712,20,goal,0.44050770401954653,-12.788853931427003
223,30.6359631389331,19,goal,0.40687818982099233,-12.683741569519043
224,30.78302900644696,20,goal,0.4788828697055578,-12.882955837249757
225,30.518825233791134,27,goal,0.3218481170910376,-12.811905714181753
226,30.46876574803536,28,goal,0.49249325692653656,-12.848183768136161
227,30.472254088476223,28,goal,0.5432976444384882,-13.227389948708671
228,30.523852418090257,25,goal,0.5073858094215393,-12.919475115262545
229,30.57802878935635,20,goal,0.49247446060180666,-13.176259803771973
230,30.797368028200466,21,goal,0.6395772035632815,-13.70189619064331
231,30.627841168718916,22,goal,0.522410361604257,-12.921324556524103
232,30.550488844399823,24,goal,0.5665165322522322,-13.5133957862854
233,30.570332756810465,19,goal,0.5199766778632214,-13.586971282958984
234,30.51593973766987,22,goal,0.2817257944155823,-13.870900240811435
235,30.611281808816113,24,goal,0.44665650588770706,-13.564736127853394
236,30.47931007356665,24,goal,0.4720278025294344,-13.631305615107218
237,30.64897430628136,25,goal,0.4000146210193634,-13.90497080485026
238,30.68478738534601,19,goal,0.412626304124531,-13.946121883392333
239,30.73922900536421,22,goal,0.2879445647651499,-13.857033816250889
240,30.79914997049735,20,goal,0.7437806241214275,-14.28401460647583
241,30.516922823587805,24,goal,0.4654617967704932,-13.694849014282227
242,30.534839476831472,23,goal,0.41203068229167356,-14.583572821183639
243,30.72298226969795,25,goal,0.5426346883177757,-13.996245237497183
244,30.60240407289691,24,goal,0.6085147885605693,-14.554453690846762
245,30.801492211252786,22,goal,0.595347827131098,-13.990444096651943
246,30.78436545990018,19,goal,0.5168069679486124,-14.33853848775228
247,30.567029936658095,19,goal,0.4195037899832976,-14.402261638641358
248,30.681025467744213,25,goal,0.49949644833803175,-14.49668256441752
249,30.55669774890638,23,goal,0.47134951469690906,-14.256078402201334
250,30.689475629155673,23,goal,0.516908532899359,-14.504364013671875
251,30.610861834359618,22,goal,0.4344385503367944,-14.744268764149059
252,30.520349212644504,25,goal,0.39096313118934634,-14.482444836543156
253,30.62672689526793,26,goal,0.46466042961065585,-14.53267214848445
254,30.743209507178207,24,goal,0.43180745157102746,-14.845314741134644
255,30.678235981172435,24,goal,0.45167826985319454,-14.707943360010782
256,30.580844469826737,21,goal,0.7790442996081852,-14.973280239105225
257,30.609600640382006,19,goal,0.47913508901470586,-15.026825046539306
258,30.73045071324104,19,goal,0.572719436727072,-15.040416399637857
259,30.864605000014024,20,goal,0.49570835307240485,-15.162966251373291
260,30.742794941290345,25,goal,0.38141902536153793,-15.176914288447453
261,30.527338678306783,20,goal,0.46133401691913606,-15.121927070617676
262,30.53994992893145,27,goal,0.6590287050715199,-15.285979784451998
263,30.650251860104305,25,goal,0.4346893584728241,-15.115703876201923
264,30.69994447486367,21,goal,0.2855852047602336,-15.530329990386964
265,30.753816565770265,24,goal,0.6682711637889346,-15.48282758394877
266,30.734440785768797,26,goal,0.5548661798238754,-15.330045773432804
267,30.655194361237587,23,goal,0.4868905498929646,-15.740887562433878
268,30.53192752400927,23,goal,0.5970687594102777,-15.518176512284713
269,30.73614759026927,19,goal,0.7061860984877536,-16.031442737579347
270,30.630194325954335,19,goal,0.5758642264102635,-15.452012485928005
271,30.73344114051867,26,goal,0.5966566216487151,-15.523869661184458
272,30.57575518906333,20,goal,0.5159921545535326,-15.333892154693604
273,30.767914939836956,19,goal,0.511986349758349,-16.01797914505005
274,30.7167655772204,19,goal,0.9657981929026151,-16.012854682074654
275,30.834808772582555,21,goal,0.4456672476870673,-16.228255878795277
276,30.66079402249877,19,goal,0.4468575049387781,-16.161868307325577
277,30.65136682512604,23,goal,0.704299196600914,-16.132355054219563
278,30.72248922130625,19,goal,0.2040812059452659,-16.13258955213759
279,30.70156724205615,20,goal,0.4570941150188446,-16.482906150817872
280,30.55640810215852,22,goal,0.3873254338448698,-15.936111276799982
281,30.633534638609305,25,goal,0.36919166028499606,-16.30496017749493
282,30.548715297659434,27,goal,0.635964748484117,-16.297103881835938
283,30.70755786057888,23,goal,0.5071597507466441,-16.235358874003094
284,30.61201389033898,25,goal,0.5204087316989898,-16.443058649698894
285,30.47767638727571,25,goal,0.6772537511587143,-16.558166357187126
286,30.527697589449655,21,goal,0.3309222239823568,-16.582599449157716
287,30.64409896540218,19,goal,0.5592288594496878,-16.55275993347168
288,30.41616872011781,30,goal,0.6399528404076894,-16.861092631022135
289,30.53940794740395,20,goal,0.4968653328716755,-16.40271806716919
290,29.59614418256438,113,goal,0.5224939982975478,-16.84306592600686
291,29.164627976983457,155,goal,0.5188213802153064,-17.21858318035419
292,8.650071640713447,200,timeout,0.5232817496731877,-17.61755609512329
293,-4.995427032363042,35,collision,0.5328301697969436,-17.94977434943704
294,29.623739806090853,111,goal,0.6975707305712743,-17.740525722503662
295,30.484170124275607,24,goal,0.5140628988544146,-17.78954839706421
296,30.745632978710496,25,goal,0.3627533653378487,-18.06102244059245
297,30.615695824610967,26,goal,0.42166320005288493,-18.134983502901516
298,30.709014817391996,19,goal,1.0366649910023338,-18.233241462707518
299,30.56223388434688,27,goal,0.9968438005005872,-18.19704510615422
300,30.556876093413216,25,goal,0.5079609030485153,-18.41584352346567
