world_episode,avg_score,goal_count,collision_count,colreg_compliance_rate,n_agents
1,1.4620764474074086,1,2,0.4230769230769231,3
2,-7.096589375535647,0,3,0.3125,3
3,-7.987430491248763,0,3,0.5,3
4,-6.417888712088266,0,3,0.34375,3
5,-4.97301940798759,0,2,0.5,3
6,-8.287738137642533,0,3,0.25,3
7,1.3449388011296601,1,2,0.25,3
8,-10.552697696089734,0,3,0.36363636363636365,3
9,-6.986299792329465,0,2,0.5769230769230769,3
10,-8.61160765886306,0,3,0.6,3
11,-7.642543942133585,0,3,0.6666666666666666,3
12,-8.004896934231121,0,3,0.5,3
13,-6.763535397847484,0,2,0.4,3
14,0.7193411435683643,1,2,0.4166666666666667,3
15,3.2439297866821293,1,2,0.125,3
16,2.988106776873271,1,2,0.0,3
17,3.1620356142520905,1,2,0.75,3
18,-6.016638709704071,0,2,0.25,3
19,-8.626213671167688,0,3,0.25,3
20,4.22135877887408,1,2,0.4444444444444444,3
21,3.826334344148641,1,2,0.2222222222222222,3
22,-8.393128950198493,0,3,0.4,3
23,-7.187222473422686,0,3,0.8,3
24,-7.559650395512576,0,3,0.2,3
25,3.1896265784899405,1,2,0.3888888888888889,3
26,-7.375892216563224,0,3,0.0,3
27,3.175741793314615,1,2,0.25925925925925924,3
28,2.0858027126391767,1,2,0.2777777777777778,3
29,2.8270781314373075,1,2,0.2,3
30,13.52828840871652,2,1,0.3181818181818182,3
31,-8.80136225382487,0,3,0.5,3
32,-9.797826166550317,0,3,0.5,3
33,-6.154489415287972,0,3,0.3333333333333333,3
34,-8.76542738775412,0,3,0.0,3
35,-7.8635213166475255,0,3,,3
36,2.4796310504277543,1,2,0.4166666666666667,3
37,2.1044684783617655,1,2,0.21428571428571427,3
38,4.006332145929336,1,2,0.4,3
39,-9.94775997797648,0,3,,3
40,13.057477435866994,2,1,0.2962962962962963,3
41,3.208790539105733,1,2,0.5,3
42,4.051082818508148,1,2,0.25,3
43,3.2066050497690832,1,2,0.0,3
44,13.66900614062945,2,1,0.18181818181818182,3
45,0.9067968471845008,1,2,,3
46,-10.182105631629623,0,3,0.16666666666666666,3
47,-6.972185474832853,0,3,0.375,3
48,-9.026080546776448,0,3,0.45,3
49,12.785501098632812,2,1,0.0,3
50,5.125642821590108,1,2,0.25,3
51,-8.970269110997515,0,3,0.2,3
52,2.3801877089341477,1,2,0.2857142857142857,3
53,3.7882583220799826,1,2,,3
54,-8.789422989090282,0,3,0.5,3
55,-9.164014541308083,0,3,0.5,3
56,-7.063253831863402,0,3,0.0,3
57,-7.446936298410094,0,3,,3
58,-8.828955850601195,0,3,0.5,3
59,2.5794514318307242,1,2,0.1,3
60,3.1077138706048335,1,2,0.14285714285714285,3
61,-8.915156631469724,0,3,0.75,3
62,-8.344967182477316,0,3,0.2,3
63,0.3254672122001698,1,2,0.3333333333333333,3
64,-9.160743824044859,0,3,0.5,3
65,1.770373061299325,1,2,0.75,3
66,-8.712994710206985,0,3,0.3333333333333333,3
67,-6.278272368113195,0,3,0.4166666666666667,3
68,3.926514143149061,1,2,0.0,3
69,3.262485284209251,1,2,0.7777777777777778,3
70,24.383091519276302,3,0,0.6666666666666666,3
71,-7.5995847809314725,0,3,0.3333333333333333,3
72,3.2226721894741055,1,2,0.5,3
73,-7.449016550381974,0,3,,3
74,3.8801198995113375,1,2,0.3,3
75,3.156400741338729,1,2,0.25,3
76,-7.728391638795532,0,3,0.5,3
77,1.4774686004718163,1,2,0.75,3
78,-8.295620600382486,0,3,0.25,3
79,-7.288776660760244,0,3,1.0,3
80,-8.54761560122172,0,3,0.5,3
81,-7.521789687077205,0,3,0.4444444444444444,3
82,-7.532820350329074,0,2,0.35714285714285715,3
83,15.8252624475956,2,0,0.25,3
84,-7.809982593456904,0,3,0.625,3
85,13.435144447485605,2,1,0.2,3
86,1.857106301188472,1,2,,3
87,25.068956104119618,3,0,0.11764705882352941,3
88,2.3861764701207497,1,2,,3
89,-9.623872386813163,0,3,0.16666666666666666,3
90,-7.770940455993016,0,3,0.0,3
91,3.0692306764920563,1,2,,3
92,14.301259462038677,2,1,,3
93,13.640456375281017,2,1,,3
94,3.172651679913203,1,2,0.0,3
95,3.589315321445465,1,2,0.18181818181818182,3
96,2.449642085433009,1,2,0.2,3
97,-8.79303955157598,0,3,0.4,3
98,-3.1886308902501894,0,2,0.2,3
99,4.742709122498831,1,2,0.0,3
100,-9.10655593951543,0,3,0.07142857142857142,3
101,-9.17093952198823,0,3,0.05,3
102,-10.493221703767775,0,3,0.21428571428571427,3
103,24.36372389237086,3,0,0.1875,3
104,-9.207884698510167,0,3,0.3333333333333333,3
105,-7.820177309910457,0,3,0.5,3
106,12.913366351127626,2,1,0.5,3
107,0.24155242343743902,1,2,0.21739130434782608,3
108,3.4940136909484862,1,2,0.1,3
109,3.048156657020254,1,2,0.125,3
110,13.50567136913538,2,1,,3
111,-6.159132716655726,0,3,0.5,3
112,-7.783611790339147,0,3,0.42857142857142855,3
113,2.5392368427912397,1,2,0.5,3
114,-5.1418151879310585,0,2,0.1,3
115,2.7638993517557773,1,2,0.0,3
116,-8.54381673614184,0,3,0.08333333333333333,3
117,-7.15815347174803,0,3,0.21428571428571427,3
118,2.1053242397308374,1,2,0.5,3
119,3.6620012764136014,1,2,0.08333333333333333,3
120,-7.281688757737477,0,3,0.375,3
121,2.675007032354673,1,2,0.0,3
122,2.159877304236094,1,2,,3
123,-7.3828285570939345,0,3,0.0,3
124,2.824049936930338,1,2,0.25,3
125,0.9713756237427434,1,2,0.1,3
126,-9.214644898176191,0,3,0.0,3
127,-9.591452756722761,0,3,0.2857142857142857,3
128,11.379588903188713,2,1,0.16666666666666666,3
129,-9.493540575106937,0,3,0.0,3
130,-6.102525086800256,0,3,0.625,3
131,-9.435817734797796,0,3,0.0,3
132,-8.940025801261266,0,3,0.15384615384615385,3
133,2.728459585309029,1,2,0.0,3
134,-8.598514947891227,0,3,0.4166666666666667,3
135,4.240055450399719,1,2,,3
136,2.03061309059461,1,2,0.0,3
137,-7.032879006862639,0,3,0.3333333333333333,3
138,25.20612424751123,3,0,0.25,3
139,4.461677979230881,1,2,0.25,3
140,4.000581513245905,1,2,0.4230769230769231,3
141,-6.841682209968567,0,3,0.5,3
142,11.942065212726591,2,1,0.0,3
143,3.988923829197889,1,1,0.5,3
144,-8.963716997106866,0,3,0.2222222222222222,3
145,-8.158190402587254,0,3,0.375,3
146,13.775096707741419,2,1,0.21428571428571427,3
147,3.186172874768577,1,2,0.25,3
148,13.983975939551991,2,1,0.25,3
149,26.764517066876095,3,0,0.25,3
150,14.995697941184048,2,1,,3
151,-7.246604926983515,0,3,0.4444444444444444,3
152,-7.23182800968488,0,3,0.3125,3
153,14.555387565692271,2,1,0.14285714285714285,3
154,3.762099449634553,1,2,0.375,3
155,3.5829638457298305,1,2,0.18181818181818182,3
156,1.7514431055386919,1,2,0.14285714285714285,3
157,25.7595181953907,3,0,0.2857142857142857,3
158,3.3995798707008498,1,2,0.2571428571428571,3
159,4.02325443983078,1,2,0.0,3
160,13.391867983341223,2,1,0.13636363636363635,3
161,14.25946383913358,2,1,,3
162,-6.585629006624221,0,3,0.25,3
163,1.7244459891319295,1,2,0.25,3
164,2.969461015462876,1,2,,3
165,-8.463612557649611,0,3,0.3684210526315789,3
166,3.302676283518478,1,2,0.0,3
167,13.75326927045981,2,1,0.4,3
168,-8.331035718917846,0,3,0.25,3
169,-8.27876817703247,0,3,0.3333333333333333,3
170,3.563978779713312,1,2,0.5,3
171,4.284242435693744,1,2,0.0,3
172,25.88518370747566,3,0,0.15384615384615385,3
173,1.4698260792096451,1,2,0.16666666666666666,3
174,13.844300518035894,2,1,,3
175,-8.085081110000608,0,3,,3
176,4.028245135148367,1,2,,3
177,13.761784870425862,2,1,0.3333333333333333,3
178,-8.163136835098266,0,3,0.25,3
179,3.067332332134247,1,2,0.125,3
180,14.731927252213163,2,1,0.19047619047619047,3
181,-4.3415417852004285,0,2,,3
182,-6.269589964747428,0,3,0.25,3
183,15.338592033783593,2,1,,3
184,23.831036208470664,3,0,0.2,3
185,15.011453908284514,2,0,0.375,3
186,-7.683758342067399,0,3,0.0,3
187,3.9377763402462023,1,2,0.2,3
188,14.728733540376032,2,1,,3
189,3.094325841466585,1,2,0.3125,3
190,3.192078785498939,1,2,0.375,3
191,14.42348817984263,2,1,0.3,3
192,14.978361493150393,2,1,0.25,3
193,13.500381973584496,2,1,0.0,3
194,3.9795438243945456,1,2,0.23684210526315788,3
195,14.603042766253154,2,1,,3
196,14.230962553421657,2,1,0.17857142857142858,3
197,14.178804355859755,2,1,0.5,3
198,2.3886169211069768,1,2,0.08333333333333333,3
199,13.413677454193433,2,1,0.1,3
200,4.226249561309818,1,1,0.0,3
201,2.4963655328750627,1,2,0.1,3
202,15.056476399898528,2,1,0.35,3
203,3.887192183136944,1,2,0.25,3
204,14.503388620615004,2,1,,3
205,2.048085156281791,1,2,0.0,3
206,3.184895615975062,1,2,0.42857142857142855,3
207,5.1473626095056595,1,2,0.2,3
208,-6.0389816675583505,0,3,0.16666666666666666,3
209,2.735106668273613,1,2,,3
210,14.946700405279806,2,1,0.25,3
211,13.982168225049975,2,1,,3
212,4.598165611426039,1,2,,3
213,-7.547972963253656,0,3,0.5,3
214,13.668426491022117,2,1,0.0,3
215,14.057762362957002,2,1,,3
216,13.978779416084292,2,1,0.07142857142857142,3
217,25.148337252140053,3,0,0.2857142857142857,3
218,14.732622192502022,2,1,0.2,3
219,2.354282770156861,1,2,0.1,3
220,14.068023966749509,2,1,0.08333333333333333,3
221,2.0418391927083337,1,2,0.05555555555555555,3
222,13.34714141269525,2,1,,3
223,-9.062921066482863,0,3,0.12903225806451613,3
224,2.031487869222961,1,2,0.15384615384615385,3
225,1.8799808271726046,1,2,0.2,3
226,14.792973344326024,2,1,0.3,3
227,2.6259729921817794,1,2,0.2,3
228,2.6788911012808487,1,2,,3
229,5.695091970562946,1,1,,3
230,13.21282038172086,2,1,0.5,3
231,2.886806333065033,1,2,0.0,3
232,-8.082776397069294,0,3,0.125,3
233,13.73345627983412,2,1,0.25,3
234,-7.839147119522093,0,3,0.25,3
235,2.529647924105326,1,2,0.25,3
236,14.016617354154585,2,1,0.5,3
237,2.0115601869424187,1,2,0.0,3
238,4.288625127474472,1,2,0.15625,3
239,12.989357345998291,2,1,1.0,3
240,27.37911363005638,3,0,,3
241,15.076033586263657,2,1,0.5,3
242,-7.921600288947423,0,3,0.0,3
243,13.496115983327229,2,1,0.0,3
244,3.1138994407653833,1,2,0.25,3
245,-8.8168923385938,0,3,0.14285714285714285,3
246,3.217729814648633,1,2,0.11764705882352941,3
247,-7.932436153093974,0,3,0.25,3
248,4.218370872735981,1,2,0.08333333333333333,3
249,-4.221664455731698,0,2,0.35714285714285715,3
250,2.5026819300651546,1,2,0.0,3
251,-7.938451276620228,0,3,0.0,3
252,7.213067639668796,1,1,0.1,3
253,25.604333559274675,3,0,0.21428571428571427,3
254,15.170764022866885,2,1,0.25,3
255,13.76390169183413,2,1,,3
256,3.0727776054541267,1,2,0.25,3
257,2.1353021860122716,1,2,0.3,3
258,24.220407009919484,3,0,0.45454545454545453,3
259,5.560888898968713,1,1,0.20588235294117646,3
260,2.973803146680197,1,2,0.25,3
261,25.10443628589312,3,0,0.25806451612903225,3
262,13.899834342797604,2,1,,3
263,14.116219490766527,2,1,0.25,3
264,14.009030728538832,2,1,0.25,3
265,-8.203950722614923,0,3,0.3076923076923077,3
266,4.372300755977631,1,2,0.0,3
267,3.5758444952964807,1,2,0.35714285714285715,3
268,4.028628819783536,1,2,0.125,3
269,4.243215395212174,1,2,0.3333333333333333,3
270,15.100177770356334,2,1,0.5151515151515151,3
271,2.179245004852613,1,2,0.125,3
272,14.014651725292206,2,1,0.3333333333333333,3
273,13.727954360644025,2,1,0.5,3
274,14.836640506982812,2,1,0.17857142857142858,3
275,24.553976875146233,3,0,0.16666666666666666,3
276,13.813000249465306,2,1,0.29411764705882354,3
277,-4.845250600576397,0,2,0.2222222222222222,3
278,13.416833255688351,2,1,0.3333333333333333,3
279,3.991957605679834,1,2,0.3148148148148148,3
280,25.775969635248188,3,0,0.2777777777777778,3
281,2.3709768791993455,1,2,0.45454545454545453,3
282,2.0942530934015906,1,2,,3
283,2.216328785816828,1,2,0.25,3
284,13.689027309417725,2,1,,3
285,-8.645453395446141,0,3,0.6,3
286,3.566031794548035,1,2,0.2777777777777778,3
287,4.582595918178562,1,2,0.38461538461538464,3
288,15.020546869436904,2,1,0.25,3
289,1.974230449199677,1,2,0.25,3
290,15.57599280754726,2,1,0.35714285714285715,3
291,-7.629306005239482,0,3,0.3333333333333333,3
292,3.9706807879606907,1,2,0.125,3
293,13.737471918662388,2,1,0.16666666666666666,3
294,4.025624849796297,1,2,0.5,3
295,-6.893936598300932,0,3,0.375,3
296,-8.602867237726846,0,3,0.75,3
297,3.389607166449229,1,2,0.25,3
298,3.0790702025095613,1,2,,3
299,3.043498380382856,1,2,0.25,3
300,24.958058816790583,3,0,0.26666666666666666,3
301,3.893471810420356,1,2,0.16666666666666666,3
302,12.900928418238962,2,1,0.38461538461538464,3
303,13.80332933704058,2,1,,3
304,-6.317432580788929,0,3,0.125,3
305,3.0618213057518027,1,2,0.125,3
306,15.186197852492333,2,1,0.75,3
307,3.667119140625004,1,2,0.375,3
308,-8.056171638568243,0,3,0.5,3
309,14.35442730029424,2,1,0.38461538461538464,3
310,26.317525515556337,3,0,0.3684210526315789,3
311,14.464751796325046,2,1,0.0,3
312,25.81180341025194,3,0,0.3333333333333333,3
313,12.999237736463547,2,1,0.0,3
314,3.3262823329369255,1,2,0.25,3
315,25.065445469071474,3,0,0.21875,3
316,24.584593314925836,3,0,0.3125,3
317,15.029699409802754,2,1,0.3142857142857143,3
318,24.77552207787832,3,0,0.19607843137254902,3
319,4.612657391230266,1,2,0.5,3
320,14.449042510986336,2,1,0.34210526315789475,3
321,2.7559817266464237,1,2,0.1,3
322,25.06173756082853,3,0,,3
323,4.0943330061435725,1,2,,3
324,14.335648683508241,2,1,0.2777777777777778,3
325,14.14909180323283,2,1,0.25,3
326,14.26466163913409,2,1,0.3333333333333333,3
327,-7.987696703473727,0,3,0.25,3
328,25.5822938156128,3,0,0.21428571428571427,3
329,-7.707499823371568,0,3,0.5,3
330,15.040890802145002,2,1,0.1794871794871795,3
331,2.8297839049498257,1,2,0.3409090909090909,3
332,-7.901296367645263,0,3,0.25,3
333,13.310405719677606,2,1,0.4166666666666667,3
334,24.0149773756663,3,0,0.35714285714285715,3
335,13.775430196126303,2,1,0.3333333333333333,3
336,15.520653656323752,2,1,0.25,3
337,2.9484751101334887,1,2,0.16666666666666666,3
338,1.787773257096611,1,2,0.16666666666666666,3
339,14.325878553390504,2,1,,3
340,24.75635446747145,3,0,0.19230769230769232,3
341,2.080781963666279,1,2,0.16666666666666666,3
342,25.829679310421152,3,0,0.2692307692307692,3
343,13.762266200184825,2,1,0.5,3
344,15.254224903384847,2,1,,3
345,25.71354297677676,3,0,0.0,3
346,-9.094840230147044,0,3,0.0,3
347,27.457972402572633,3,0,0.13636363636363635,3
348,12.669591838320104,2,1,,3
349,14.52907279253006,2,1,0.2857142857142857,3
350,4.70969950735569,1,2,0.17857142857142858,3
351,15.138381101687749,2,1,0.0,3
352,25.7527683933576,3,0,0.5,3
353,3.6304773068428062,1,2,0.25,3
354,-8.937220640977223,0,3,0.18181818181818182,3
355,24.791453473170595,3,0,0.3,3
356,13.312336315115294,2,1,0.625,3
357,24.984982749223708,3,0,0.21739130434782608,3
358,2.7042258278528855,1,2,0.16666666666666666,3
359,3.0052361156543106,1,2,0.36065573770491804,3
360,24.882680043776833,3,0,,3
361,4.401993343830109,1,2,,3
362,-7.46697874387105,0,3,0.0,3
363,24.950907022903362,3,0,,3
364,3.4655177088578575,1,2,0.2,3
365,13.98184374372165,2,1,,3
366,-7.637281748453774,0,3,0.5,3
367,15.195095781485243,2,1,0.21052631578947367,3
368,-6.631474972168604,0,3,0.16666666666666666,3
369,1.8340415346622467,1,2,0.35,3
370,-7.843856954971947,0,3,0.25,3
371,1.7093555168310797,1,2,,3
372,12.32019920508067,2,1,0.3076923076923077,3
373,3.0624394146601364,1,2,0.3333333333333333,3
374,13.385423120260244,2,1,0.25,3
375,4.068259515762332,1,2,,3
376,24.662683337926865,3,0,0.29411764705882354,3
377,25.370220603545505,3,0,0.3108108108108108,3
378,-8.22170361260573,0,3,0.0,3
379,25.445168255170188,3,0,,3
380,14.153396026988824,2,1,0.2,3
381,13.740755204161013,2,1,0.21739130434782608,3
382,16.343267042438193,2,1,0.4,3
383,13.839922063350677,2,1,0.16666666666666666,3
384,3.02725445866585,1,2,0.21052631578947367,3
385,14.630678131977717,2,1,,3
386,25.629500745137534,3,0,0.1,3
387,3.358871254523597,1,2,0.0,3
388,15.065604812304182,2,1,0.15,3
389,3.987830442190171,1,2,0.25,3
390,4.172763203382492,1,2,0.3076923076923077,3
391,14.54978237529596,2,1,,3
392,25.297660679221153,3,0,0.0,3
393,24.480644108454385,3,0,,3
394,26.13155209302902,3,0,0.125,3
395,-9.373235462506614,0,3,1.0,3
396,3.1365397032101954,1,2,0.0,3
397,2.832945354978243,1,2,0.625,3
398,14.614657372633618,2,1,,3
399,14.705440891186397,2,1,0.2,3
400,14.678388790090878,2,1,0.0,3
401,-8.13866814772288,0,3,0.3,3
402,14.766731291015944,2,1,0.32653061224489793,3
403,15.51435231645903,2,0,0.0,3
404,2.739482029477763,1,2,0.0,3
405,2.41513060530027,1,2,0.2692307692307692,3
406,3.749497464895249,1,2,0.29411764705882354,3
407,14.078202172120413,2,1,0.07142857142857142,3
408,24.424587768117586,3,0,0.4,3
409,-8.035545372168217,0,3,0.25,3
410,3.258471303780873,1,2,0.25,3
411,-7.212225243250529,0,3,0.0,3
412,14.035868014097217,2,1,0.2916666666666667,3
413,26.074065390825268,3,0,0.2631578947368421,3
414,19.537355910142264,2,0,0.0,3
415,4.301208501259487,1,2,0.2222222222222222,3
416,13.591642022530237,2,1,0.34615384615384615,3
417,25.011187745034693,3,0,,3
418,15.388289065559704,2,1,,3
419,15.596926885445912,2,1,0.3333333333333333,3
420,-8.581749351421992,0,3,0.4,3
421,14.970478131771088,2,1,0.0,3
422,13.16885588169098,2,1,,3
423,12.950574271281566,2,1,0.25,3
424,3.954870225191121,1,2,0.2,3
425,2.5940427593390147,1,2,0.34782608695652173,3
426,2.33487658083439,1,2,0.3055555555555556,3
427,3.8848105863730122,1,2,0.0,3
428,15.253599489331245,2,1,0.2857142857142857,3
429,24.263245503107708,3,0,,3
430,2.925986705819767,1,2,0.24242424242424243,3
431,14.252067332267766,2,1,,3
432,7.118588312466955,1,1,0.42857142857142855,3
433,24.116318534612656,3,0,0.1,3
434,2.7876093278328575,1,2,0.5,3
435,13.192249708970387,2,1,1.0,3
436,25.304230394264064,3,0,,3
437,26.04635373612245,3,0,0.25,3
438,13.371943717598919,2,1,,3
439,-6.658984972238538,0,3,0.25,3
440,25.541613185405733,3,0,,3
441,24.6093247449398,3,0,0.07142857142857142,3
442,14.397931738495828,2,1,0.2,3
443,3.8548789002498,1,2,0.0,3
444,14.413292565743129,2,1,0.5,3
445,15.78636524518331,2,0,0.0,3
446,14.798689568042755,2,1,,3
447,15.230045208136245,2,1,,3
448,13.10613905588786,2,1,0.75,3
449,14.000726877053586,2,1,0.32558139534883723,3
450,13.049054452578225,2,1,0.43478260869565216,3
451,2.029811278581619,1,2,0.4166666666666667,3
452,2.8279991910854996,1,2,0.75,3
453,-7.6836970611413316,0,3,0.0,3
454,13.266878149112072,2,1,0.19444444444444445,3
455,3.4928913362820944,1,2,0.23529411764705882,3
456,2.8174811144669847,1,2,0.0,3
457,6.186242640217159,1,1,0.0,3
458,3.2845410529772443,1,2,0.16666666666666666,3
459,27.176625044345855,3,0,0.5,3
460,25.10839357952277,3,0,,3
461,3.781003790895156,1,2,0.1323529411764706,3
462,13.986955492893856,2,1,0.5,3
463,24.751452223857243,3,0,0.16666666666666666,3
464,1.5705743050575272,1,2,0.34146341463414637,3
465,3.273946203788121,1,2,0.5,3
466,13.719613283077877,2,1,0.3333333333333333,3
467,2.5872743984063464,1,2,0.4444444444444444,3
468,3.1826215954621637,1,2,0.3333333333333333,3
469,13.571234092116356,2,1,0.2,3
470,14.374265870352588,2,1,0.2,3
471,2.5422392861048384,1,2,0.16666666666666666,3
472,-7.35397659420967,0,3,0.25,3
473,3.6298504463831613,1,2,0.25,3
474,3.5252919793129025,1,2,0.09090909090909091,3
475,-6.9782924928267756,0,3,0.22077922077922077,3
476,-6.188777376612028,0,2,0.4166666666666667,3
477,13.973835522731145,2,1,0.4,3
478,4.4378992646932645,1,2,0.25,3
479,-8.74832580645879,0,3,0.16666666666666666,3
480,25.823055929342903,3,0,0.3,3
481,5.075854896505674,1,2,0.0,3
482,23.844737360477453,3,0,0.25,3
483,-7.503852252562841,0,3,0.3888888888888889,3
484,13.369343895514808,2,1,0.35,3
485,-7.0856042142709095,0,3,0.3,3
486,15.99068595558405,2,1,0.4166666666666667,3
487,2.392309861381855,1,2,0.38095238095238093,3
488,24.34660565654437,3,0,,3
489,14.573112279574076,2,1,0.2,3
490,3.000605808893841,1,2,,3
491,3.3516171940167774,1,2,0.2,3
492,26.371108913024273,3,0,0.29545454545454547,3
493,3.4158317136764516,1,2,0.4090909090909091,3
494,25.543242575724918,3,0,0.0,3
495,-7.911072033643722,0,3,0.5,3
496,25.881691556572918,3,0,0.4,3
497,14.586960513591768,2,1,0.14285714285714285,3
498,1.9583709351221728,1,2,0.20833333333333334,3
499,14.342031300465266,2,1,0.3333333333333333,3
500,25.560645599365234,3,0,0.0,3
501,3.8717745721340187,1,2,0.25,3
502,11.049942365090066,2,1,0.3333333333333333,3
503,24.609710984230045,3,0,0.25,3
504,5.6356287997961045,1,1,0.32142857142857145,3
505,2.5889252273241676,1,2,0.25,3
506,2.646521792411805,1,2,0.09090909090909091,3
507,3.4862899700800583,1,2,0.5,3
508,26.179853221972788,3,0,0.35714285714285715,3
509,2.8239647936820993,1,2,0.42857142857142855,3
510,-7.991465149124461,0,3,0.5,3
511,-8.57840331117312,0,3,0.0,3
512,16.4580637772878,2,0,0.20833333333333334,3
513,13.655703797141712,2,1,0.2222222222222222,3
514,-8.82961276948452,0,3,0.0,3
515,2.3015910617510476,1,2,0.625,3
516,14.103276317516967,2,1,0.3076923076923077,3
517,15.737031798958782,2,1,,3
518,13.221579675277075,2,1,0.2857142857142857,3
519,25.273502001365028,3,0,,3
520,2.8895568044980373,1,2,0.25,3
521,2.8768419337272646,1,2,0.75,3
522,24.395347748994833,3,0,0.35,3
523,2.288485778371493,1,2,0.3333333333333333,3
524,25.515692849953975,3,0,0.22727272727272727,3
525,24.871952709654966,3,0,0.30357142857142855,3
526,14.660668784181278,2,1,0.25,3
527,16.23626380721728,2,1,0.5,3
528,2.040427483320238,1,2,0.5,3
529,-7.8207925955454485,0,3,0.0,3
530,2.041821842193604,1,2,0.4146341463414634,3
531,-8.853970078627265,0,3,0.3125,3
532,4.082714496056242,1,2,0.25,3
533,13.272205683787663,2,1,0.125,3
534,2.098354327877365,1,2,0.45454545454545453,3
535,24.265485016504925,3,0,,3
536,3.499913767178853,1,2,0.38636363636363635,3
537,23.768071780204778,3,0,0.38461538461538464,3
538,15.359721694787345,2,1,0.25,3
539,-7.049168529113129,0,3,0.3125,3
540,-8.260773426493008,0,3,0.4,3
541,-8.205416171948114,0,3,0.5,3
542,13.791009559432666,2,1,0.25,3
543,3.2805982317527183,1,2,0.125,3
544,1.4305582308769225,1,2,0.29850746268656714,3
545,25.956378399729733,3,0,0.35,3
546,24.99075560073058,3,0,,3
547,14.495344917376835,2,1,0.125,3
548,14.071853414972624,2,1,0.26666666666666666,3
549,24.660211386680604,3,0,0.3548387096774194,3
550,4.166984931826591,1,2,0.3125,3
551,25.307366762161255,3,0,,3
552,-9.407172306378682,0,3,0.0,3
553,5.02107614795367,1,2,0.4,3
554,1.9535654175281525,1,2,1.0,3
555,25.65365931173166,3,0,0.2857142857142857,3
556,24.82241842746735,3,0,0.2,3
557,25.302175915638603,3,0,0.25,3
558,-7.503983541727066,0,3,0.6666666666666666,3
559,23.55555394808452,3,0,0.25,3
560,12.868302058527867,2,1,0.4375,3
561,26.281277953783686,3,0,0.28846153846153844,3
562,2.5343029095729186,1,2,0.3125,3
563,14.548525413672133,2,1,0.1875,3
564,14.248366313179337,2,1,0.3235294117647059,3
565,24.480386007229487,3,0,0.0,3
566,3.700346662600838,1,2,0.375,3
567,23.903481532732652,3,0,0.3176470588235294,3
568,14.023535818656285,2,1,,3
569,3.8423481019337977,1,2,0.5,3
570,-6.720041960080462,0,3,0.3181818181818182,3
571,25.29801892121633,3,0,0.25,3
572,13.329201366901401,2,1,0.08333333333333333,3
573,4.744707210858663,1,2,0.2826086956521739,3
574,3.7602272891998303,1,2,0.3333333333333333,3
575,-6.199179703990619,0,3,0.2857142857142857,3
576,25.498107560475674,3,0,0.25,3
577,25.350323193470633,3,0,0.3333333333333333,3
578,14.088532893260327,2,1,0.40816326530612246,3
579,3.073667109012605,1,2,0.375,3
580,2.7222024265925095,1,2,0.5,3
581,14.987431169350943,2,1,,3
582,4.087167424360912,1,2,0.14285714285714285,3
583,24.420507806539536,3,0,0.375,3
584,26.86366141964992,3,0,0.2857142857142857,3
585,26.896868363618854,3,0,0.2222222222222222,3
586,2.884477583964666,1,2,0.0,3
587,13.926359069744748,2,1,0.375,3
588,24.649884744087856,3,0,,3
589,12.92967578165233,2,1,0.3125,3
590,13.729021321535113,2,1,0.125,3
591,4.508624541958174,1,2,0.2727272727272727,3
592,13.990597205559418,2,1,0.25,3
593,24.94469434638818,3,0,0.6666666666666666,3
594,13.640595307300487,2,1,0.0625,3
595,13.501125187476477,2,1,0.25,3
596,24.089915605783464,3,0,0.09090909090909091,3
597,3.107666921218238,1,2,0.5,3
598,24.766137471397723,3,0,0.2413793103448276,3
599,24.40749093969663,3,0,0.125,3
600,13.738548603057863,2,1,0.37037037037037035,3
